task,metric,comparison,condition,n_pairs,mean_difference,median_difference,ci95_low,ci95_high,wilcoxon_p,wins,per_replicate,holm_p,holm_significant,block,confirmatory
checkerboard,test_accuracy,backprop_neat - fixed_mlp_tanh_ha,fixed_mlp_tanh_ha,30,0.07266666666666666,0.09000000000000002,0.04999999999999999,0.12,0.0011100813784296686,24,"[{""replicate"": 1, ""reference"": 0.61, ""other"": 0.58}, {""replicate"": 2, ""reference"": 0.76, ""other"": 0.555}, {""replicate"": 3, ""reference"": 0.685, ""other"": 0.605}, {""replicate"": 4, ""reference"": 0.705, ""other"": 0.635}, {""replicate"": 5, ""reference"": 0.775, ""other"": 0.6}, {""replicate"": 6, ""reference"": 0.68, ""other"": 0.595}, {""replicate"": 7, ""reference"": 0.7, ""other"": 0.51}, {""replicate"": 8, ""reference"": 0.535, ""other"": 0.505}, {""replicate"": 9, ""reference"": 0.68, ""other"": 0.56}, {""replicate"": 10, ""reference"": 0.715, ""other"": 0.595}, {""replicate"": 11, ""reference"": 0.675, ""other"": 0.66}, {""replicate"": 12, ""reference"": 0.525, ""other"": 0.65}, {""replicate"": 13, ""reference"": 0.79, ""other"": 0.65}, {""replicate"": 14, ""reference"": 0.71, ""other"": 0.595}, {""replicate"": 15, ""reference"": 0.65, ""other"": 0.535}, {""replicate"": 16, ""reference"": 0.505, ""other"": 0.595}, {""replicate"": 17, ""reference"": 0.685, ""other"": 0.61}, {""replicate"": 18, ""reference"": 0.51, ""other"": 0.515}, {""replicate"": 19, ""reference"": 0.76, ""other"": 0.615}, {""replicate"": 20, ""reference"": 0.525, ""other"": 0.54}, {""replicate"": 21, ""reference"": 0.635, ""other"": 0.5}, {""replicate"": 22, ""reference"": 0.725, ""other"": 0.63}, {""replicate"": 23, ""reference"": 0.67, ""other"": 0.655}, {""replicate"": 24, ""reference"": 0.485, ""other"": 0.705}, {""replicate"": 25, ""reference"": 0.68, ""other"": 0.585}, {""replicate"": 26, ""reference"": 0.71, ""other"": 0.535}, {""replicate"": 27, ""reference"": 0.735, ""other"": 0.665}, {""replicate"": 28, ""reference"": 0.705, ""other"": 0.585}, {""replicate"": 29, ""reference"": 0.555, ""other"": 0.615}, {""replicate"": 30, ""reference"": 0.79, ""other"": 0.51}]",0.017761302054874698,True,A,True
checkerboard,test_accuracy,backprop_neat - fixed_mlp_tanh_matched,fixed_mlp_tanh_matched,30,-0.03733333333333331,-0.015000000000000013,-0.04499999999999993,0.010000000000000009,0.07017489982017618,11,"[{""replicate"": 1, ""reference"": 0.61, ""other"": 0.705}, {""replicate"": 2, ""reference"": 0.76, ""other"": 0.745}, {""replicate"": 3, ""reference"": 0.685, ""other"": 0.685}, {""replicate"": 4, ""reference"": 0.705, ""other"": 0.69}, {""replicate"": 5, ""reference"": 0.775, ""other"": 0.69}, {""replicate"": 6, ""reference"": 0.68, ""other"": 0.72}, {""replicate"": 7, ""reference"": 0.7, ""other"": 0.755}, {""replicate"": 8, ""reference"": 0.535, ""other"": 0.68}, {""replicate"": 9, ""reference"": 0.68, ""other"": 0.705}, {""replicate"": 10, ""reference"": 0.715, ""other"": 0.69}, {""replicate"": 11, ""reference"": 0.675, ""other"": 0.725}, {""replicate"": 12, ""reference"": 0.525, ""other"": 0.7}, {""replicate"": 13, ""reference"": 0.79, ""other"": 0.77}, {""replicate"": 14, ""reference"": 0.71, ""other"": 0.745}, {""replicate"": 15, ""reference"": 0.65, ""other"": 0.665}, {""replicate"": 16, ""reference"": 0.505, ""other"": 0.635}, {""replicate"": 17, ""reference"": 0.685, ""other"": 0.705}, {""replicate"": 18, ""reference"": 0.51, ""other"": 0.745}, {""replicate"": 19, ""reference"": 0.76, ""other"": 0.715}, {""replicate"": 20, ""reference"": 0.525, ""other"": 0.68}, {""replicate"": 21, ""reference"": 0.635, ""other"": 0.635}, {""replicate"": 22, ""reference"": 0.725, ""other"": 0.72}, {""replicate"": 23, ""reference"": 0.67, ""other"": 0.685}, {""replicate"": 24, ""reference"": 0.485, ""other"": 0.69}, {""replicate"": 25, ""reference"": 0.68, ""other"": 0.68}, {""replicate"": 26, ""reference"": 0.71, ""other"": 0.675}, {""replicate"": 27, ""reference"": 0.735, ""other"": 0.71}, {""replicate"": 28, ""reference"": 0.705, ""other"": 0.685}, {""replicate"": 29, ""reference"": 0.555, ""other"": 0.69}, {""replicate"": 30, ""reference"": 0.79, ""other"": 0.67}]",0.49122429874123325,False,A,True
checkerboard,test_accuracy,backprop_neat - fixed_mlp_sin_matched,fixed_mlp_sin_matched,30,-0.03099999999999998,-0.014999999999999902,-0.04999999999999993,0.015000000000000013,0.14120008381139543,13,"[{""replicate"": 1, ""reference"": 0.61, ""other"": 0.71}, {""replicate"": 2, ""reference"": 0.76, ""other"": 0.755}, {""replicate"": 3, ""reference"": 0.685, ""other"": 0.655}, {""replicate"": 4, ""reference"": 0.705, ""other"": 0.69}, {""replicate"": 5, ""reference"": 0.775, ""other"": 0.725}, {""replicate"": 6, ""reference"": 0.68, ""other"": 0.695}, {""replicate"": 7, ""reference"": 0.7, ""other"": 0.735}, {""replicate"": 8, ""reference"": 0.535, ""other"": 0.585}, {""replicate"": 9, ""reference"": 0.68, ""other"": 0.705}, {""replicate"": 10, ""reference"": 0.715, ""other"": 0.685}, {""replicate"": 11, ""reference"": 0.675, ""other"": 0.625}, {""replicate"": 12, ""reference"": 0.525, ""other"": 0.66}, {""replicate"": 13, ""reference"": 0.79, ""other"": 0.75}, {""replicate"": 14, ""reference"": 0.71, ""other"": 0.665}, {""replicate"": 15, ""reference"": 0.65, ""other"": 0.67}, {""replicate"": 16, ""reference"": 0.505, ""other"": 0.605}, {""replicate"": 17, ""reference"": 0.685, ""other"": 0.7}, {""replicate"": 18, ""reference"": 0.51, ""other"": 0.695}, {""replicate"": 19, ""reference"": 0.76, ""other"": 0.745}, {""replicate"": 20, ""reference"": 0.525, ""other"": 0.625}, {""replicate"": 21, ""reference"": 0.635, ""other"": 0.69}, {""replicate"": 22, ""reference"": 0.725, ""other"": 0.67}, {""replicate"": 23, ""reference"": 0.67, ""other"": 0.745}, {""replicate"": 24, ""reference"": 0.485, ""other"": 0.735}, {""replicate"": 25, ""reference"": 0.68, ""other"": 0.73}, {""replicate"": 26, ""reference"": 0.71, ""other"": 0.695}, {""replicate"": 27, ""reference"": 0.735, ""other"": 0.72}, {""replicate"": 28, ""reference"": 0.705, ""other"": 0.705}, {""replicate"": 29, ""reference"": 0.555, ""other"": 0.715}, {""replicate"": 30, ""reference"": 0.79, ""other"": 0.715}]",0.7060004190569771,False,A,True
checkerboard,test_accuracy,backprop_neat - fixed_mlp_mixed_matched,fixed_mlp_mixed_matched,30,-0.06599999999999998,-0.044999999999999984,-0.08000000000000002,-0.020000000000000018,0.00013561470618556878,4,"[{""replicate"": 1, ""reference"": 0.61, ""other"": 0.705}, {""replicate"": 2, ""reference"": 0.76, ""other"": 0.8}, {""replicate"": 3, ""reference"": 0.685, ""other"": 0.72}, {""replicate"": 4, ""reference"": 0.705, ""other"": 0.705}, {""replicate"": 5, ""reference"": 0.775, ""other"": 0.725}, {""replicate"": 6, ""reference"": 0.68, ""other"": 0.76}, {""replicate"": 7, ""reference"": 0.7, ""other"": 0.78}, {""replicate"": 8, ""reference"": 0.535, ""other"": 0.69}, {""replicate"": 9, ""reference"": 0.68, ""other"": 0.75}, {""replicate"": 10, ""reference"": 0.715, ""other"": 0.735}, {""replicate"": 11, ""reference"": 0.675, ""other"": 0.725}, {""replicate"": 12, ""reference"": 0.525, ""other"": 0.715}, {""replicate"": 13, ""reference"": 0.79, ""other"": 0.81}, {""replicate"": 14, ""reference"": 0.71, ""other"": 0.705}, {""replicate"": 15, ""reference"": 0.65, ""other"": 0.68}, {""replicate"": 16, ""reference"": 0.505, ""other"": 0.69}, {""replicate"": 17, ""reference"": 0.685, ""other"": 0.7}, {""replicate"": 18, ""reference"": 0.51, ""other"": 0.72}, {""replicate"": 19, ""reference"": 0.76, ""other"": 0.785}, {""replicate"": 20, ""reference"": 0.525, ""other"": 0.665}, {""replicate"": 21, ""reference"": 0.635, ""other"": 0.725}, {""replicate"": 22, ""reference"": 0.725, ""other"": 0.745}, {""replicate"": 23, ""reference"": 0.67, ""other"": 0.725}, {""replicate"": 24, ""reference"": 0.485, ""other"": 0.78}, {""replicate"": 25, ""reference"": 0.68, ""other"": 0.74}, {""replicate"": 26, ""reference"": 0.71, ""other"": 0.71}, {""replicate"": 27, ""reference"": 0.735, ""other"": 0.725}, {""replicate"": 28, ""reference"": 0.705, ""other"": 0.715}, {""replicate"": 29, ""reference"": 0.555, ""other"": 0.75}, {""replicate"": 30, ""reference"": 0.79, ""other"": 0.67}]",0.002441064711340238,True,A,True
checkerboard,test_accuracy,backprop_neat - random_search_matched,random_search_matched,30,-0.0355,-0.02250000000000002,-0.04999999999999993,0.007500000000000007,0.06119070510453457,12,"[{""replicate"": 1, ""reference"": 0.61, ""other"": 0.635}, {""replicate"": 2, ""reference"": 0.76, ""other"": 0.645}, {""replicate"": 3, ""reference"": 0.685, ""other"": 0.735}, {""replicate"": 4, ""reference"": 0.705, ""other"": 0.69}, {""replicate"": 5, ""reference"": 0.775, ""other"": 0.73}, {""replicate"": 6, ""reference"": 0.68, ""other"": 0.72}, {""replicate"": 7, ""reference"": 0.7, ""other"": 0.685}, {""replicate"": 8, ""reference"": 0.535, ""other"": 0.655}, {""replicate"": 9, ""reference"": 0.68, ""other"": 0.78}, {""replicate"": 10, ""reference"": 0.715, ""other"": 0.725}, {""replicate"": 11, ""reference"": 0.675, ""other"": 0.76}, {""replicate"": 12, ""reference"": 0.525, ""other"": 0.655}, {""replicate"": 13, ""reference"": 0.79, ""other"": 0.775}, {""replicate"": 14, ""reference"": 0.71, ""other"": 0.705}, {""replicate"": 15, ""reference"": 0.65, ""other"": 0.645}, {""replicate"": 16, ""reference"": 0.505, ""other"": 0.665}, {""replicate"": 17, ""reference"": 0.685, ""other"": 0.635}, {""replicate"": 18, ""reference"": 0.51, ""other"": 0.665}, {""replicate"": 19, ""reference"": 0.76, ""other"": 0.795}, {""replicate"": 20, ""reference"": 0.525, ""other"": 0.575}, {""replicate"": 21, ""reference"": 0.635, ""other"": 0.655}, {""replicate"": 22, ""reference"": 0.725, ""other"": 0.715}, {""replicate"": 23, ""reference"": 0.67, ""other"": 0.7}, {""replicate"": 24, ""reference"": 0.485, ""other"": 0.735}, {""replicate"": 25, ""reference"": 0.68, ""other"": 0.755}, {""replicate"": 26, ""reference"": 0.71, ""other"": 0.66}, {""replicate"": 27, ""reference"": 0.735, ""other"": 0.735}, {""replicate"": 28, ""reference"": 0.705, ""other"": 0.685}, {""replicate"": 29, ""reference"": 0.555, ""other"": 0.79}, {""replicate"": 30, ""reference"": 0.79, ""other"": 0.63}]",0.4895256408362766,False,A,True
checkerboard,test_accuracy,backprop_neat - homogeneous_tanh,homogeneous_tanh,30,0.12083333333333336,0.14250000000000002,0.07500000000000007,0.17250000000000004,2.2622177348924877e-05,24,"[{""replicate"": 1, ""reference"": 0.61, ""other"": 0.445}, {""replicate"": 2, ""reference"": 0.76, ""other"": 0.58}, {""replicate"": 3, ""reference"": 0.685, ""other"": 0.495}, {""replicate"": 4, ""reference"": 0.705, ""other"": 0.64}, {""replicate"": 5, ""reference"": 0.775, ""other"": 0.595}, {""replicate"": 6, ""reference"": 0.68, ""other"": 0.54}, {""replicate"": 7, ""reference"": 0.7, ""other"": 0.665}, {""replicate"": 8, ""reference"": 0.535, ""other"": 0.49}, {""replicate"": 9, ""reference"": 0.68, ""other"": 0.6}, {""replicate"": 10, ""reference"": 0.715, ""other"": 0.57}, {""replicate"": 11, ""reference"": 0.675, ""other"": 0.545}, {""replicate"": 12, ""reference"": 0.525, ""other"": 0.61}, {""replicate"": 13, ""reference"": 0.79, ""other"": 0.46}, {""replicate"": 14, ""reference"": 0.71, ""other"": 0.475}, {""replicate"": 15, ""reference"": 0.65, ""other"": 0.455}, {""replicate"": 16, ""reference"": 0.505, ""other"": 0.505}, {""replicate"": 17, ""reference"": 0.685, ""other"": 0.455}, {""replicate"": 18, ""reference"": 0.51, ""other"": 0.525}, {""replicate"": 19, ""reference"": 0.76, ""other"": 0.69}, {""replicate"": 20, ""reference"": 0.525, ""other"": 0.575}, {""replicate"": 21, ""reference"": 0.635, ""other"": 0.54}, {""replicate"": 22, ""reference"": 0.725, ""other"": 0.485}, {""replicate"": 23, ""reference"": 0.67, ""other"": 0.5}, {""replicate"": 24, ""reference"": 0.485, ""other"": 0.505}, {""replicate"": 25, ""reference"": 0.68, ""other"": 0.505}, {""replicate"": 26, ""reference"": 0.71, ""other"": 0.545}, {""replicate"": 27, ""reference"": 0.735, ""other"": 0.615}, {""replicate"": 28, ""reference"": 0.705, ""other"": 0.555}, {""replicate"": 29, ""reference"": 0.555, ""other"": 0.555}, {""replicate"": 30, ""reference"": 0.79, ""other"": 0.525}]",0.00042982136962957265,True,A,True
checkerboard,test_accuracy,backprop_neat - evolution_only,evolution_only,30,0.11683333333333333,0.13499999999999998,0.065,0.16750000000000004,7.678098158713569e-06,27,"[{""replicate"": 1, ""reference"": 0.61, ""other"": 0.46}, {""replicate"": 2, ""reference"": 0.76, ""other"": 0.5}, {""replicate"": 3, ""reference"": 0.685, ""other"": 0.535}, {""replicate"": 4, ""reference"": 0.705, ""other"": 0.53}, {""replicate"": 5, ""reference"": 0.775, ""other"": 0.535}, {""replicate"": 6, ""reference"": 0.68, ""other"": 0.5}, {""replicate"": 7, ""reference"": 0.7, ""other"": 0.695}, {""replicate"": 8, ""reference"": 0.535, ""other"": 0.5}, {""replicate"": 9, ""reference"": 0.68, ""other"": 0.645}, {""replicate"": 10, ""reference"": 0.715, ""other"": 0.55}, {""replicate"": 11, ""reference"": 0.675, ""other"": 0.565}, {""replicate"": 12, ""reference"": 0.525, ""other"": 0.545}, {""replicate"": 13, ""reference"": 0.79, ""other"": 0.695}, {""replicate"": 14, ""reference"": 0.71, ""other"": 0.59}, {""replicate"": 15, ""reference"": 0.65, ""other"": 0.48}, {""replicate"": 16, ""reference"": 0.505, ""other"": 0.535}, {""replicate"": 17, ""reference"": 0.685, ""other"": 0.52}, {""replicate"": 18, ""reference"": 0.51, ""other"": 0.5}, {""replicate"": 19, ""reference"": 0.76, ""other"": 0.58}, {""replicate"": 20, ""reference"": 0.525, ""other"": 0.51}, {""replicate"": 21, ""reference"": 0.635, ""other"": 0.57}, {""replicate"": 22, ""reference"": 0.725, ""other"": 0.485}, {""replicate"": 23, ""reference"": 0.67, ""other"": 0.495}, {""replicate"": 24, ""reference"": 0.485, ""other"": 0.51}, {""replicate"": 25, ""reference"": 0.68, ""other"": 0.525}, {""replicate"": 26, ""reference"": 0.71, ""other"": 0.66}, {""replicate"": 27, ""reference"": 0.735, ""other"": 0.52}, {""replicate"": 28, ""reference"": 0.705, ""other"": 0.64}, {""replicate"": 29, ""reference"": 0.555, ""other"": 0.48}, {""replicate"": 30, ""reference"": 0.79, ""other"": 0.51}]",0.00016124006133298496,True,A,True
circle,test_accuracy,backprop_neat - fixed_mlp_tanh_ha,fixed_mlp_tanh_ha,30,0.008166666666666674,0.010000000000000009,0.0050000000000000044,0.012500000000000011,0.0020720752189677945,21,"[{""replicate"": 1, ""reference"": 1.0, ""other"": 0.99}, {""replicate"": 2, ""reference"": 0.98, ""other"": 0.975}, {""replicate"": 3, ""reference"": 1.0, ""other"": 0.975}, {""replicate"": 4, ""reference"": 0.97, ""other"": 0.985}, {""replicate"": 5, ""reference"": 0.985, ""other"": 0.975}, {""replicate"": 6, ""reference"": 0.99, ""other"": 0.975}, {""replicate"": 7, ""reference"": 0.985, ""other"": 0.975}, {""replicate"": 8, ""reference"": 0.99, ""other"": 0.985}, {""replicate"": 9, ""reference"": 0.985, ""other"": 0.99}, {""replicate"": 10, ""reference"": 0.99, ""other"": 0.97}, {""replicate"": 11, ""reference"": 1.0, ""other"": 0.975}, {""replicate"": 12, ""reference"": 0.985, ""other"": 0.98}, {""replicate"": 13, ""reference"": 0.985, ""other"": 0.985}, {""replicate"": 14, ""reference"": 0.995, ""other"": 0.995}, {""replicate"": 15, ""reference"": 0.97, ""other"": 0.965}, {""replicate"": 16, ""reference"": 0.985, ""other"": 1.0}, {""replicate"": 17, ""reference"": 0.99, ""other"": 0.985}, {""replicate"": 18, ""reference"": 0.97, ""other"": 0.96}, {""replicate"": 19, ""reference"": 0.995, ""other"": 1.0}, {""replicate"": 20, ""reference"": 0.995, ""other"": 0.98}, {""replicate"": 21, ""reference"": 1.0, ""other"": 0.97}, {""replicate"": 22, ""reference"": 1.0, ""other"": 0.985}, {""replicate"": 23, ""reference"": 0.985, ""other"": 0.955}, {""replicate"": 24, ""reference"": 0.985, ""other"": 0.97}, {""replicate"": 25, ""reference"": 0.96, ""other"": 0.965}, {""replicate"": 26, ""reference"": 0.98, ""other"": 0.955}, {""replicate"": 27, ""reference"": 0.98, ""other"": 0.97}, {""replicate"": 28, ""reference"": 0.985, ""other"": 0.975}, {""replicate"": 29, ""reference"": 0.97, ""other"": 0.97}, {""replicate"": 30, ""reference"": 0.975, ""other"": 0.985}]",0.02900905306554912,True,A,True
circle,test_accuracy,backprop_neat - fixed_mlp_tanh_matched,fixed_mlp_tanh_matched,30,0.0038333333333333366,0.0025000000000000022,0.0,0.007500000000000007,0.09125306828887934,15,"[{""replicate"": 1, ""reference"": 1.0, ""other"": 0.99}, {""replicate"": 2, ""reference"": 0.98, ""other"": 0.98}, {""replicate"": 3, ""reference"": 1.0, ""other"": 0.98}, {""replicate"": 4, ""reference"": 0.97, ""other"": 0.975}, {""replicate"": 5, ""reference"": 0.985, ""other"": 0.98}, {""replicate"": 6, ""reference"": 0.99, ""other"": 0.98}, {""replicate"": 7, ""reference"": 0.985, ""other"": 0.985}, {""replicate"": 8, ""reference"": 0.99, ""other"": 0.98}, {""replicate"": 9, ""reference"": 0.985, ""other"": 0.98}, {""replicate"": 10, ""reference"": 0.99, ""other"": 0.96}, {""replicate"": 11, ""reference"": 1.0, ""other"": 1.0}, {""replicate"": 12, ""reference"": 0.985, ""other"": 0.98}, {""replicate"": 13, ""reference"": 0.985, ""other"": 0.99}, {""replicate"": 14, ""reference"": 0.995, ""other"": 0.995}, {""replicate"": 15, ""reference"": 0.97, ""other"": 0.985}, {""replicate"": 16, ""reference"": 0.985, ""other"": 0.985}, {""replicate"": 17, ""reference"": 0.99, ""other"": 0.995}, {""replicate"": 18, ""reference"": 0.97, ""other"": 0.975}, {""replicate"": 19, ""reference"": 0.995, ""other"": 0.995}, {""replicate"": 20, ""reference"": 0.995, ""other"": 0.985}, {""replicate"": 21, ""reference"": 1.0, ""other"": 0.96}, {""replicate"": 22, ""reference"": 1.0, ""other"": 0.99}, {""replicate"": 23, ""reference"": 0.985, ""other"": 0.965}, {""replicate"": 24, ""reference"": 0.985, ""other"": 0.98}, {""replicate"": 25, ""reference"": 0.96, ""other"": 0.99}, {""replicate"": 26, ""reference"": 0.98, ""other"": 0.985}, {""replicate"": 27, ""reference"": 0.98, ""other"": 0.975}, {""replicate"": 28, ""reference"": 0.985, ""other"": 0.985}, {""replicate"": 29, ""reference"": 0.97, ""other"": 0.98}, {""replicate"": 30, ""reference"": 0.975, ""other"": 0.965}]",0.547518409733276,False,A,True
circle,test_accuracy,backprop_neat - fixed_mlp_sin_matched,fixed_mlp_sin_matched,30,0.003333333333333336,0.0050000000000000044,0.0,0.0050000000000000044,0.02576033694074514,19,"[{""replicate"": 1, ""reference"": 1.0, ""other"": 0.99}, {""replicate"": 2, ""reference"": 0.98, ""other"": 0.98}, {""replicate"": 3, ""reference"": 1.0, ""other"": 0.985}, {""replicate"": 4, ""reference"": 0.97, ""other"": 0.96}, {""replicate"": 5, ""reference"": 0.985, ""other"": 0.98}, {""replicate"": 6, ""reference"": 0.99, ""other"": 0.99}, {""replicate"": 7, ""reference"": 0.985, ""other"": 0.98}, {""replicate"": 8, ""reference"": 0.99, ""other"": 0.98}, {""replicate"": 9, ""reference"": 0.985, ""other"": 0.99}, {""replicate"": 10, ""reference"": 0.99, ""other"": 0.985}, {""replicate"": 11, ""reference"": 1.0, ""other"": 0.99}, {""replicate"": 12, ""reference"": 0.985, ""other"": 0.98}, {""replicate"": 13, ""reference"": 0.985, ""other"": 0.975}, {""replicate"": 14, ""reference"": 0.995, ""other"": 0.99}, {""replicate"": 15, ""reference"": 0.97, ""other"": 0.985}, {""replicate"": 16, ""reference"": 0.985, ""other"": 0.985}, {""replicate"": 17, ""reference"": 0.99, ""other"": 0.985}, {""replicate"": 18, ""reference"": 0.97, ""other"": 0.98}, {""replicate"": 19, ""reference"": 0.995, ""other"": 0.995}, {""replicate"": 20, ""reference"": 0.995, ""other"": 0.985}, {""replicate"": 21, ""reference"": 1.0, ""other"": 0.975}, {""replicate"": 22, ""reference"": 1.0, ""other"": 0.995}, {""replicate"": 23, ""reference"": 0.985, ""other"": 0.965}, {""replicate"": 24, ""reference"": 0.985, ""other"": 0.98}, {""replicate"": 25, ""reference"": 0.96, ""other"": 0.975}, {""replicate"": 26, ""reference"": 0.98, ""other"": 0.975}, {""replicate"": 27, ""reference"": 0.98, ""other"": 0.975}, {""replicate"": 28, ""reference"": 0.985, ""other"": 0.985}, {""replicate"": 29, ""reference"": 0.97, ""other"": 0.995}, {""replicate"": 30, ""reference"": 0.975, ""other"": 0.975}]",0.2833637063481965,False,A,True
circle,test_accuracy,backprop_neat - fixed_mlp_mixed_matched,fixed_mlp_mixed_matched,30,0.0015000000000000013,0.0,-0.0025000000000000022,0.0050000000000000044,0.44336667003047825,13,"[{""replicate"": 1, ""reference"": 1.0, ""other"": 0.99}, {""replicate"": 2, ""reference"": 0.98, ""other"": 0.975}, {""replicate"": 3, ""reference"": 1.0, ""other"": 0.985}, {""replicate"": 4, ""reference"": 0.97, ""other"": 0.955}, {""replicate"": 5, ""reference"": 0.985, ""other"": 0.99}, {""replicate"": 6, ""reference"": 0.99, ""other"": 1.0}, {""replicate"": 7, ""reference"": 0.985, ""other"": 0.975}, {""replicate"": 8, ""reference"": 0.99, ""other"": 0.99}, {""replicate"": 9, ""reference"": 0.985, ""other"": 0.985}, {""replicate"": 10, ""reference"": 0.99, ""other"": 0.99}, {""replicate"": 11, ""reference"": 1.0, ""other"": 0.99}, {""replicate"": 12, ""reference"": 0.985, ""other"": 0.975}, {""replicate"": 13, ""reference"": 0.985, ""other"": 0.975}, {""replicate"": 14, ""reference"": 0.995, ""other"": 0.995}, {""replicate"": 15, ""reference"": 0.97, ""other"": 0.985}, {""replicate"": 16, ""reference"": 0.985, ""other"": 0.99}, {""replicate"": 17, ""reference"": 0.99, ""other"": 0.985}, {""replicate"": 18, ""reference"": 0.97, ""other"": 0.97}, {""replicate"": 19, ""reference"": 0.995, ""other"": 1.0}, {""replicate"": 20, ""reference"": 0.995, ""other"": 0.99}, {""replicate"": 21, ""reference"": 1.0, ""other"": 0.975}, {""replicate"": 22, ""reference"": 1.0, ""other"": 1.0}, {""replicate"": 23, ""reference"": 0.985, ""other"": 0.97}, {""replicate"": 24, ""reference"": 0.985, ""other"": 0.985}, {""replicate"": 25, ""reference"": 0.96, ""other"": 0.98}, {""replicate"": 26, ""reference"": 0.98, ""other"": 0.99}, {""replicate"": 27, ""reference"": 0.98, ""other"": 0.975}, {""replicate"": 28, ""reference"": 0.985, ""other"": 0.995}, {""replicate"": 29, ""reference"": 0.97, ""other"": 0.98}, {""replicate"": 30, ""reference"": 0.975, ""other"": 0.98}]",1.0,False,A,True
circle,test_accuracy,backprop_neat - random_search_matched,random_search_matched,30,-0.0030000000000000027,-0.0050000000000000044,-0.0050000000000000044,0.0,0.03845935350197436,7,"[{""replicate"": 1, ""reference"": 1.0, ""other"": 0.995}, {""replicate"": 2, ""reference"": 0.98, ""other"": 0.985}, {""replicate"": 3, ""reference"": 1.0, ""other"": 0.98}, {""replicate"": 4, ""reference"": 0.97, ""other"": 0.985}, {""replicate"": 5, ""reference"": 0.985, ""other"": 0.985}, {""replicate"": 6, ""reference"": 0.99, ""other"": 0.995}, {""replicate"": 7, ""reference"": 0.985, ""other"": 0.99}, {""replicate"": 8, ""reference"": 0.99, ""other"": 0.985}, {""replicate"": 9, ""reference"": 0.985, ""other"": 1.0}, {""replicate"": 10, ""reference"": 0.99, ""other"": 0.995}, {""replicate"": 11, ""reference"": 1.0, ""other"": 1.0}, {""replicate"": 12, ""reference"": 0.985, ""other"": 0.985}, {""replicate"": 13, ""reference"": 0.985, ""other"": 1.0}, {""replicate"": 14, ""reference"": 0.995, ""other"": 0.995}, {""replicate"": 15, ""reference"": 0.97, ""other"": 0.975}, {""replicate"": 16, ""reference"": 0.985, ""other"": 0.995}, {""replicate"": 17, ""reference"": 0.99, ""other"": 0.99}, {""replicate"": 18, ""reference"": 0.97, ""other"": 0.975}, {""replicate"": 19, ""reference"": 0.995, ""other"": 1.0}, {""replicate"": 20, ""reference"": 0.995, ""other"": 1.0}, {""replicate"": 21, ""reference"": 1.0, ""other"": 0.99}, {""replicate"": 22, ""reference"": 1.0, ""other"": 1.0}, {""replicate"": 23, ""reference"": 0.985, ""other"": 0.98}, {""replicate"": 24, ""reference"": 0.985, ""other"": 0.98}, {""replicate"": 25, ""reference"": 0.96, ""other"": 0.965}, {""replicate"": 26, ""reference"": 0.98, ""other"": 0.985}, {""replicate"": 27, ""reference"": 0.98, ""other"": 0.99}, {""replicate"": 28, ""reference"": 0.985, ""other"": 0.98}, {""replicate"": 29, ""reference"": 0.97, ""other"": 0.99}, {""replicate"": 30, ""reference"": 0.975, ""other"": 0.985}]",0.3845935350197436,False,A,True
circle,test_accuracy,backprop_neat - homogeneous_tanh,homogeneous_tanh,30,0.054666666666666655,0.04999999999999999,0.030000000000000027,0.06999999999999995,2.32754495792353e-06,28,"[{""replicate"": 1, ""reference"": 1.0, ""other"": 0.9}, {""replicate"": 2, ""reference"": 0.98, ""other"": 0.96}, {""replicate"": 3, ""reference"": 1.0, ""other"": 0.95}, {""replicate"": 4, ""reference"": 0.97, ""other"": 0.97}, {""replicate"": 5, ""reference"": 0.985, ""other"": 0.925}, {""replicate"": 6, ""reference"": 0.99, ""other"": 0.87}, {""replicate"": 7, ""reference"": 0.985, ""other"": 0.955}, {""replicate"": 8, ""reference"": 0.99, ""other"": 0.92}, {""replicate"": 9, ""reference"": 0.985, ""other"": 0.9}, {""replicate"": 10, ""reference"": 0.99, ""other"": 0.965}, {""replicate"": 11, ""reference"": 1.0, ""other"": 0.985}, {""replicate"": 12, ""reference"": 0.985, ""other"": 0.93}, {""replicate"": 13, ""reference"": 0.985, ""other"": 0.94}, {""replicate"": 14, ""reference"": 0.995, ""other"": 0.975}, {""replicate"": 15, ""reference"": 0.97, ""other"": 0.94}, {""replicate"": 16, ""reference"": 0.985, ""other"": 0.955}, {""replicate"": 17, ""reference"": 0.99, ""other"": 0.915}, {""replicate"": 18, ""reference"": 0.97, ""other"": 0.935}, {""replicate"": 19, ""reference"": 0.995, ""other"": 0.985}, {""replicate"": 20, ""reference"": 0.995, ""other"": 0.92}, {""replicate"": 21, ""reference"": 1.0, ""other"": 0.87}, {""replicate"": 22, ""reference"": 1.0, ""other"": 0.93}, {""replicate"": 23, ""reference"": 0.985, ""other"": 0.935}, {""replicate"": 24, ""reference"": 0.985, ""other"": 0.93}, {""replicate"": 25, ""reference"": 0.96, ""other"": 0.855}, {""replicate"": 26, ""reference"": 0.98, ""other"": 0.91}, {""replicate"": 27, ""reference"": 0.98, ""other"": 0.83}, {""replicate"": 28, ""reference"": 0.985, ""other"": 0.995}, {""replicate"": 29, ""reference"": 0.97, ""other"": 0.94}, {""replicate"": 30, ""reference"": 0.975, ""other"": 0.935}]",6.284371386393531e-05,True,A,True
circle,test_accuracy,backprop_neat - evolution_only,evolution_only,30,0.18216666666666667,0.19249999999999995,0.14,0.21999999999999997,1.7019164327509632e-06,30,"[{""replicate"": 1, ""reference"": 1.0, ""other"": 0.775}, {""replicate"": 2, ""reference"": 0.98, ""other"": 0.7}, {""replicate"": 3, ""reference"": 1.0, ""other"": 0.78}, {""replicate"": 4, ""reference"": 0.97, ""other"": 0.83}, {""replicate"": 5, ""reference"": 0.985, ""other"": 0.745}, {""replicate"": 6, ""reference"": 0.99, ""other"": 0.77}, {""replicate"": 7, ""reference"": 0.985, ""other"": 0.705}, {""replicate"": 8, ""reference"": 0.99, ""other"": 0.85}, {""replicate"": 9, ""reference"": 0.985, ""other"": 0.78}, {""replicate"": 10, ""reference"": 0.99, ""other"": 0.85}, {""replicate"": 11, ""reference"": 1.0, ""other"": 0.865}, {""replicate"": 12, ""reference"": 0.985, ""other"": 0.9}, {""replicate"": 13, ""reference"": 0.985, ""other"": 0.8}, {""replicate"": 14, ""reference"": 0.995, ""other"": 0.795}, {""replicate"": 15, ""reference"": 0.97, ""other"": 0.835}, {""replicate"": 16, ""reference"": 0.985, ""other"": 0.76}, {""replicate"": 17, ""reference"": 0.99, ""other"": 0.85}, {""replicate"": 18, ""reference"": 0.97, ""other"": 0.82}, {""replicate"": 19, ""reference"": 0.995, ""other"": 0.67}, {""replicate"": 20, ""reference"": 0.995, ""other"": 0.77}, {""replicate"": 21, ""reference"": 1.0, ""other"": 0.705}, {""replicate"": 22, ""reference"": 1.0, ""other"": 0.86}, {""replicate"": 23, ""reference"": 0.985, ""other"": 0.81}, {""replicate"": 24, ""reference"": 0.985, ""other"": 0.775}, {""replicate"": 25, ""reference"": 0.96, ""other"": 0.925}, {""replicate"": 26, ""reference"": 0.98, ""other"": 0.75}, {""replicate"": 27, ""reference"": 0.98, ""other"": 0.96}, {""replicate"": 28, ""reference"": 0.985, ""other"": 0.905}, {""replicate"": 29, ""reference"": 0.97, ""other"": 0.75}, {""replicate"": 30, ""reference"": 0.975, ""other"": 0.81}]",5.9567075146283714e-05,True,A,True
spiral,test_accuracy,backprop_neat - fixed_mlp_tanh_ha,fixed_mlp_tanh_ha,30,0.15649999999999997,0.15750000000000003,0.125,0.19,1.7256857880058036e-06,30,"[{""replicate"": 1, ""reference"": 0.81, ""other"": 0.64}, {""replicate"": 2, ""reference"": 0.86, ""other"": 0.63}, {""replicate"": 3, ""reference"": 0.8, ""other"": 0.65}, {""replicate"": 4, ""reference"": 0.755, ""other"": 0.655}, {""replicate"": 5, ""reference"": 0.79, ""other"": 0.585}, {""replicate"": 6, ""reference"": 0.78, ""other"": 0.64}, {""replicate"": 7, ""reference"": 0.73, ""other"": 0.66}, {""replicate"": 8, ""reference"": 0.78, ""other"": 0.655}, {""replicate"": 9, ""reference"": 0.775, ""other"": 0.66}, {""replicate"": 10, ""reference"": 0.78, ""other"": 0.635}, {""replicate"": 11, ""reference"": 0.685, ""other"": 0.675}, {""replicate"": 12, ""reference"": 0.75, ""other"": 0.665}, {""replicate"": 13, ""reference"": 0.85, ""other"": 0.655}, {""replicate"": 14, ""reference"": 0.87, ""other"": 0.65}, {""replicate"": 15, ""reference"": 0.75, ""other"": 0.585}, {""replicate"": 16, ""reference"": 0.86, ""other"": 0.63}, {""replicate"": 17, ""reference"": 0.825, ""other"": 0.605}, {""replicate"": 18, ""reference"": 0.825, ""other"": 0.635}, {""replicate"": 19, ""reference"": 0.73, ""other"": 0.605}, {""replicate"": 20, ""reference"": 0.785, ""other"": 0.635}, {""replicate"": 21, ""reference"": 0.84, ""other"": 0.57}, {""replicate"": 22, ""reference"": 0.85, ""other"": 0.615}, {""replicate"": 23, ""reference"": 0.72, ""other"": 0.6}, {""replicate"": 24, ""reference"": 0.725, ""other"": 0.67}, {""replicate"": 25, ""reference"": 0.775, ""other"": 0.585}, {""replicate"": 26, ""reference"": 0.835, ""other"": 0.625}, {""replicate"": 27, ""reference"": 0.775, ""other"": 0.67}, {""replicate"": 28, ""reference"": 0.8, ""other"": 0.635}, {""replicate"": 29, ""reference"": 0.805, ""other"": 0.625}, {""replicate"": 30, ""reference"": 0.82, ""other"": 0.695}]",5.9567075146283714e-05,True,A,True
spiral,test_accuracy,backprop_neat - fixed_mlp_tanh_matched,fixed_mlp_tanh_matched,30,-0.10483333333333333,-0.10999999999999999,-0.12000000000000005,-0.08999999999999997,2.330408345001413e-06,1,"[{""replicate"": 1, ""reference"": 0.81, ""other"": 0.885}, {""replicate"": 2, ""reference"": 0.86, ""other"": 0.875}, {""replicate"": 3, ""reference"": 0.8, ""other"": 0.91}, {""replicate"": 4, ""reference"": 0.755, ""other"": 0.865}, {""replicate"": 5, ""reference"": 0.79, ""other"": 0.9}, {""replicate"": 6, ""reference"": 0.78, ""other"": 0.89}, {""replicate"": 7, ""reference"": 0.73, ""other"": 0.845}, {""replicate"": 8, ""reference"": 0.78, ""other"": 0.855}, {""replicate"": 9, ""reference"": 0.775, ""other"": 0.88}, {""replicate"": 10, ""reference"": 0.78, ""other"": 0.835}, {""replicate"": 11, ""reference"": 0.685, ""other"": 0.9}, {""replicate"": 12, ""reference"": 0.75, ""other"": 0.895}, {""replicate"": 13, ""reference"": 0.85, ""other"": 0.94}, {""replicate"": 14, ""reference"": 0.87, ""other"": 0.935}, {""replicate"": 15, ""reference"": 0.75, ""other"": 0.865}, {""replicate"": 16, ""reference"": 0.86, ""other"": 0.83}, {""replicate"": 17, ""reference"": 0.825, ""other"": 0.97}, {""replicate"": 18, ""reference"": 0.825, ""other"": 0.88}, {""replicate"": 19, ""reference"": 0.73, ""other"": 0.89}, {""replicate"": 20, ""reference"": 0.785, ""other"": 0.925}, {""replicate"": 21, ""reference"": 0.84, ""other"": 0.92}, {""replicate"": 22, ""reference"": 0.85, ""other"": 0.94}, {""replicate"": 23, ""reference"": 0.72, ""other"": 0.885}, {""replicate"": 24, ""reference"": 0.725, ""other"": 0.945}, {""replicate"": 25, ""reference"": 0.775, ""other"": 0.9}, {""replicate"": 26, ""reference"": 0.835, ""other"": 0.84}, {""replicate"": 27, ""reference"": 0.775, ""other"": 0.88}, {""replicate"": 28, ""reference"": 0.8, ""other"": 0.925}, {""replicate"": 29, ""reference"": 0.805, ""other"": 0.94}, {""replicate"": 30, ""reference"": 0.82, ""other"": 0.935}]",6.284371386393531e-05,True,A,True
spiral,test_accuracy,backprop_neat - fixed_mlp_sin_matched,fixed_mlp_sin_matched,30,-0.17133333333333337,-0.17499999999999993,-0.19499999999999995,-0.14500000000000002,1.7224282827430733e-06,0,"[{""replicate"": 1, ""reference"": 0.81, ""other"": 0.955}, {""replicate"": 2, ""reference"": 0.86, ""other"": 0.955}, {""replicate"": 3, ""reference"": 0.8, ""other"": 0.97}, {""replicate"": 4, ""reference"": 0.755, ""other"": 0.95}, {""replicate"": 5, ""reference"": 0.79, ""other"": 0.98}, {""replicate"": 6, ""reference"": 0.78, ""other"": 0.96}, {""replicate"": 7, ""reference"": 0.73, ""other"": 0.925}, {""replicate"": 8, ""reference"": 0.78, ""other"": 0.965}, {""replicate"": 9, ""reference"": 0.775, ""other"": 0.975}, {""replicate"": 10, ""reference"": 0.78, ""other"": 0.96}, {""replicate"": 11, ""reference"": 0.685, ""other"": 0.93}, {""replicate"": 12, ""reference"": 0.75, ""other"": 0.975}, {""replicate"": 13, ""reference"": 0.85, ""other"": 0.99}, {""replicate"": 14, ""reference"": 0.87, ""other"": 0.99}, {""replicate"": 15, ""reference"": 0.75, ""other"": 0.98}, {""replicate"": 16, ""reference"": 0.86, ""other"": 0.955}, {""replicate"": 17, ""reference"": 0.825, ""other"": 0.97}, {""replicate"": 18, ""reference"": 0.825, ""other"": 0.96}, {""replicate"": 19, ""reference"": 0.73, ""other"": 0.96}, {""replicate"": 20, ""reference"": 0.785, ""other"": 0.945}, {""replicate"": 21, ""reference"": 0.84, ""other"": 0.945}, {""replicate"": 22, ""reference"": 0.85, ""other"": 0.955}, {""replicate"": 23, ""reference"": 0.72, ""other"": 0.965}, {""replicate"": 24, ""reference"": 0.725, ""other"": 0.955}, {""replicate"": 25, ""reference"": 0.775, ""other"": 0.97}, {""replicate"": 26, ""reference"": 0.835, ""other"": 0.955}, {""replicate"": 27, ""reference"": 0.775, ""other"": 0.99}, {""replicate"": 28, ""reference"": 0.8, ""other"": 0.955}, {""replicate"": 29, ""reference"": 0.805, ""other"": 0.97}, {""replicate"": 30, ""reference"": 0.82, ""other"": 0.965}]",5.9567075146283714e-05,True,A,True
spiral,test_accuracy,backprop_neat - fixed_mlp_mixed_matched,fixed_mlp_mixed_matched,30,-0.1753333333333333,-0.18249999999999994,-0.19749999999999995,-0.15249999999999997,1.7180929312456739e-06,0,"[{""replicate"": 1, ""reference"": 0.81, ""other"": 0.955}, {""replicate"": 2, ""reference"": 0.86, ""other"": 0.97}, {""replicate"": 3, ""reference"": 0.8, ""other"": 0.96}, {""replicate"": 4, ""reference"": 0.755, ""other"": 0.955}, {""replicate"": 5, ""reference"": 0.79, ""other"": 0.975}, {""replicate"": 6, ""reference"": 0.78, ""other"": 0.965}, {""replicate"": 7, ""reference"": 0.73, ""other"": 0.955}, {""replicate"": 8, ""reference"": 0.78, ""other"": 0.95}, {""replicate"": 9, ""reference"": 0.775, ""other"": 0.985}, {""replicate"": 10, ""reference"": 0.78, ""other"": 0.965}, {""replicate"": 11, ""reference"": 0.685, ""other"": 0.955}, {""replicate"": 12, ""reference"": 0.75, ""other"": 0.97}, {""replicate"": 13, ""reference"": 0.85, ""other"": 0.985}, {""replicate"": 14, ""reference"": 0.87, ""other"": 0.975}, {""replicate"": 15, ""reference"": 0.75, ""other"": 0.97}, {""replicate"": 16, ""reference"": 0.86, ""other"": 0.98}, {""replicate"": 17, ""reference"": 0.825, ""other"": 0.985}, {""replicate"": 18, ""reference"": 0.825, ""other"": 0.94}, {""replicate"": 19, ""reference"": 0.73, ""other"": 0.955}, {""replicate"": 20, ""reference"": 0.785, ""other"": 0.965}, {""replicate"": 21, ""reference"": 0.84, ""other"": 0.965}, {""replicate"": 22, ""reference"": 0.85, ""other"": 0.96}, {""replicate"": 23, ""reference"": 0.72, ""other"": 0.965}, {""replicate"": 24, ""reference"": 0.725, ""other"": 0.965}, {""replicate"": 25, ""reference"": 0.775, ""other"": 0.97}, {""replicate"": 26, ""reference"": 0.835, ""other"": 0.95}, {""replicate"": 27, ""reference"": 0.775, ""other"": 0.99}, {""replicate"": 28, ""reference"": 0.8, ""other"": 0.96}, {""replicate"": 29, ""reference"": 0.805, ""other"": 0.99}, {""replicate"": 30, ""reference"": 0.82, ""other"": 0.965}]",5.9567075146283714e-05,True,A,True
spiral,test_accuracy,backprop_neat - random_search_matched,random_search_matched,30,0.023333333333333334,0.025000000000000022,0.0025000000000000022,0.04500000000000004,0.040617244759501146,20,"[{""replicate"": 1, ""reference"": 0.81, ""other"": 0.73}, {""replicate"": 2, ""reference"": 0.86, ""other"": 0.735}, {""replicate"": 3, ""reference"": 0.8, ""other"": 0.765}, {""replicate"": 4, ""reference"": 0.755, ""other"": 0.73}, {""replicate"": 5, ""reference"": 0.79, ""other"": 0.79}, {""replicate"": 6, ""reference"": 0.78, ""other"": 0.86}, {""replicate"": 7, ""reference"": 0.73, ""other"": 0.72}, {""replicate"": 8, ""reference"": 0.78, ""other"": 0.755}, {""replicate"": 9, ""reference"": 0.775, ""other"": 0.765}, {""replicate"": 10, ""reference"": 0.78, ""other"": 0.75}, {""replicate"": 11, ""reference"": 0.685, ""other"": 0.735}, {""replicate"": 12, ""reference"": 0.75, ""other"": 0.755}, {""replicate"": 13, ""reference"": 0.85, ""other"": 0.795}, {""replicate"": 14, ""reference"": 0.87, ""other"": 0.805}, {""replicate"": 15, ""reference"": 0.75, ""other"": 0.755}, {""replicate"": 16, ""reference"": 0.86, ""other"": 0.76}, {""replicate"": 17, ""reference"": 0.825, ""other"": 0.745}, {""replicate"": 18, ""reference"": 0.825, ""other"": 0.78}, {""replicate"": 19, ""reference"": 0.73, ""other"": 0.785}, {""replicate"": 20, ""reference"": 0.785, ""other"": 0.74}, {""replicate"": 21, ""reference"": 0.84, ""other"": 0.695}, {""replicate"": 22, ""reference"": 0.85, ""other"": 0.745}, {""replicate"": 23, ""reference"": 0.72, ""other"": 0.84}, {""replicate"": 24, ""reference"": 0.725, ""other"": 0.775}, {""replicate"": 25, ""reference"": 0.775, ""other"": 0.77}, {""replicate"": 26, ""reference"": 0.835, ""other"": 0.845}, {""replicate"": 27, ""reference"": 0.775, ""other"": 0.77}, {""replicate"": 28, ""reference"": 0.8, ""other"": 0.84}, {""replicate"": 29, ""reference"": 0.805, ""other"": 0.765}, {""replicate"": 30, ""reference"": 0.82, ""other"": 0.735}]",0.3845935350197436,False,A,True
spiral,test_accuracy,backprop_neat - homogeneous_tanh,homogeneous_tanh,30,0.07666666666666666,0.08499999999999996,0.04250000000000004,0.1175,0.0011114329791248212,23,"[{""replicate"": 1, ""reference"": 0.81, ""other"": 0.75}, {""replicate"": 2, ""reference"": 0.86, ""other"": 0.745}, {""replicate"": 3, ""reference"": 0.8, ""other"": 0.58}, {""replicate"": 4, ""reference"": 0.755, ""other"": 0.72}, {""replicate"": 5, ""reference"": 0.79, ""other"": 0.61}, {""replicate"": 6, ""reference"": 0.78, ""other"": 0.66}, {""replicate"": 7, ""reference"": 0.73, ""other"": 0.74}, {""replicate"": 8, ""reference"": 0.78, ""other"": 0.75}, {""replicate"": 9, ""reference"": 0.775, ""other"": 0.87}, {""replicate"": 10, ""reference"": 0.78, ""other"": 0.765}, {""replicate"": 11, ""reference"": 0.685, ""other"": 0.805}, {""replicate"": 12, ""reference"": 0.75, ""other"": 0.845}, {""replicate"": 13, ""reference"": 0.85, ""other"": 0.595}, {""replicate"": 14, ""reference"": 0.87, ""other"": 0.67}, {""replicate"": 15, ""reference"": 0.75, ""other"": 0.64}, {""replicate"": 16, ""reference"": 0.86, ""other"": 0.745}, {""replicate"": 17, ""reference"": 0.825, ""other"": 0.745}, {""replicate"": 18, ""reference"": 0.825, ""other"": 0.685}, {""replicate"": 19, ""reference"": 0.73, ""other"": 0.67}, {""replicate"": 20, ""reference"": 0.785, ""other"": 0.805}, {""replicate"": 21, ""reference"": 0.84, ""other"": 0.645}, {""replicate"": 22, ""reference"": 0.85, ""other"": 0.675}, {""replicate"": 23, ""reference"": 0.72, ""other"": 0.63}, {""replicate"": 24, ""reference"": 0.725, ""other"": 0.725}, {""replicate"": 25, ""reference"": 0.775, ""other"": 0.89}, {""replicate"": 26, ""reference"": 0.835, ""other"": 0.755}, {""replicate"": 27, ""reference"": 0.775, ""other"": 0.725}, {""replicate"": 28, ""reference"": 0.8, ""other"": 0.67}, {""replicate"": 29, ""reference"": 0.805, ""other"": 0.715}, {""replicate"": 30, ""reference"": 0.82, ""other"": 0.61}]",0.017761302054874698,True,A,True
spiral,test_accuracy,backprop_neat - evolution_only,evolution_only,30,0.16800000000000004,0.17000000000000004,0.14,0.18750000000000006,1.7224282827430733e-06,30,"[{""replicate"": 1, ""reference"": 0.81, ""other"": 0.58}, {""replicate"": 2, ""reference"": 0.86, ""other"": 0.62}, {""replicate"": 3, ""reference"": 0.8, ""other"": 0.61}, {""replicate"": 4, ""reference"": 0.755, ""other"": 0.615}, {""replicate"": 5, ""reference"": 0.79, ""other"": 0.59}, {""replicate"": 6, ""reference"": 0.78, ""other"": 0.585}, {""replicate"": 7, ""reference"": 0.73, ""other"": 0.69}, {""replicate"": 8, ""reference"": 0.78, ""other"": 0.605}, {""replicate"": 9, ""reference"": 0.775, ""other"": 0.65}, {""replicate"": 10, ""reference"": 0.78, ""other"": 0.61}, {""replicate"": 11, ""reference"": 0.685, ""other"": 0.6}, {""replicate"": 12, ""reference"": 0.75, ""other"": 0.61}, {""replicate"": 13, ""reference"": 0.85, ""other"": 0.59}, {""replicate"": 14, ""reference"": 0.87, ""other"": 0.59}, {""replicate"": 15, ""reference"": 0.75, ""other"": 0.685}, {""replicate"": 16, ""reference"": 0.86, ""other"": 0.71}, {""replicate"": 17, ""reference"": 0.825, ""other"": 0.65}, {""replicate"": 18, ""reference"": 0.825, ""other"": 0.58}, {""replicate"": 19, ""reference"": 0.73, ""other"": 0.61}, {""replicate"": 20, ""reference"": 0.785, ""other"": 0.62}, {""replicate"": 21, ""reference"": 0.84, ""other"": 0.6}, {""replicate"": 22, ""reference"": 0.85, ""other"": 0.705}, {""replicate"": 23, ""reference"": 0.72, ""other"": 0.595}, {""replicate"": 24, ""reference"": 0.725, ""other"": 0.605}, {""replicate"": 25, ""reference"": 0.775, ""other"": 0.605}, {""replicate"": 26, ""reference"": 0.835, ""other"": 0.57}, {""replicate"": 27, ""reference"": 0.775, ""other"": 0.605}, {""replicate"": 28, ""reference"": 0.8, ""other"": 0.615}, {""replicate"": 29, ""reference"": 0.805, ""other"": 0.7}, {""replicate"": 30, ""reference"": 0.82, ""other"": 0.695}]",5.9567075146283714e-05,True,A,True
spiral3,test_accuracy,backprop_neat - fixed_mlp_tanh_ha,fixed_mlp_tanh_ha,30,0.07833333333333331,0.08249999999999996,0.06499999999999995,0.10000000000000003,2.7194482429132447e-06,28,"[{""replicate"": 1, ""reference"": 0.6, ""other"": 0.54}, {""replicate"": 2, ""reference"": 0.59, ""other"": 0.505}, {""replicate"": 3, ""reference"": 0.63, ""other"": 0.54}, {""replicate"": 4, ""reference"": 0.595, ""other"": 0.545}, {""replicate"": 5, ""reference"": 0.645, ""other"": 0.535}, {""replicate"": 6, ""reference"": 0.665, ""other"": 0.57}, {""replicate"": 7, ""reference"": 0.615, ""other"": 0.51}, {""replicate"": 8, ""reference"": 0.635, ""other"": 0.55}, {""replicate"": 9, ""reference"": 0.655, ""other"": 0.59}, {""replicate"": 10, ""reference"": 0.635, ""other"": 0.525}, {""replicate"": 11, ""reference"": 0.62, ""other"": 0.54}, {""replicate"": 12, ""reference"": 0.62, ""other"": 0.555}, {""replicate"": 13, ""reference"": 0.57, ""other"": 0.55}, {""replicate"": 14, ""reference"": 0.645, ""other"": 0.52}, {""replicate"": 15, ""reference"": 0.57, ""other"": 0.535}, {""replicate"": 16, ""reference"": 0.68, ""other"": 0.545}, {""replicate"": 17, ""reference"": 0.53, ""other"": 0.525}, {""replicate"": 18, ""reference"": 0.555, ""other"": 0.56}, {""replicate"": 19, ""reference"": 0.62, ""other"": 0.505}, {""replicate"": 20, ""reference"": 0.62, ""other"": 0.515}, {""replicate"": 21, ""reference"": 0.61, ""other"": 0.53}, {""replicate"": 22, ""reference"": 0.62, ""other"": 0.565}, {""replicate"": 23, ""reference"": 0.59, ""other"": 0.5}, {""replicate"": 24, ""reference"": 0.63, ""other"": 0.465}, {""replicate"": 25, ""reference"": 0.685, ""other"": 0.54}, {""replicate"": 26, ""reference"": 0.535, ""other"": 0.55}, {""replicate"": 27, ""reference"": 0.635, ""other"": 0.52}, {""replicate"": 28, ""reference"": 0.6, ""other"": 0.565}, {""replicate"": 29, ""reference"": 0.61, ""other"": 0.545}, {""replicate"": 30, ""reference"": 0.61, ""other"": 0.53}]",6.526675782991787e-05,True,A,True
spiral3,test_accuracy,backprop_neat - fixed_mlp_tanh_matched,fixed_mlp_tanh_matched,30,0.02466666666666668,0.019999999999999962,0.0050000000000000044,0.03999999999999998,0.004963984694356674,21,"[{""replicate"": 1, ""reference"": 0.6, ""other"": 0.56}, {""replicate"": 2, ""reference"": 0.59, ""other"": 0.59}, {""replicate"": 3, ""reference"": 0.63, ""other"": 0.59}, {""replicate"": 4, ""reference"": 0.595, ""other"": 0.62}, {""replicate"": 5, ""reference"": 0.645, ""other"": 0.565}, {""replicate"": 6, ""reference"": 0.665, ""other"": 0.595}, {""replicate"": 7, ""reference"": 0.615, ""other"": 0.54}, {""replicate"": 8, ""reference"": 0.635, ""other"": 0.58}, {""replicate"": 9, ""reference"": 0.655, ""other"": 0.59}, {""replicate"": 10, ""reference"": 0.635, ""other"": 0.625}, {""replicate"": 11, ""reference"": 0.62, ""other"": 0.625}, {""replicate"": 12, ""reference"": 0.62, ""other"": 0.565}, {""replicate"": 13, ""reference"": 0.57, ""other"": 0.545}, {""replicate"": 14, ""reference"": 0.645, ""other"": 0.63}, {""replicate"": 15, ""reference"": 0.57, ""other"": 0.56}, {""replicate"": 16, ""reference"": 0.68, ""other"": 0.565}, {""replicate"": 17, ""reference"": 0.53, ""other"": 0.605}, {""replicate"": 18, ""reference"": 0.555, ""other"": 0.61}, {""replicate"": 19, ""reference"": 0.62, ""other"": 0.585}, {""replicate"": 20, ""reference"": 0.62, ""other"": 0.615}, {""replicate"": 21, ""reference"": 0.61, ""other"": 0.625}, {""replicate"": 22, ""reference"": 0.62, ""other"": 0.605}, {""replicate"": 23, ""reference"": 0.59, ""other"": 0.6}, {""replicate"": 24, ""reference"": 0.63, ""other"": 0.595}, {""replicate"": 25, ""reference"": 0.685, ""other"": 0.575}, {""replicate"": 26, ""reference"": 0.535, ""other"": 0.53}, {""replicate"": 27, ""reference"": 0.635, ""other"": 0.6}, {""replicate"": 28, ""reference"": 0.6, ""other"": 0.605}, {""replicate"": 29, ""reference"": 0.61, ""other"": 0.62}, {""replicate"": 30, ""reference"": 0.61, ""other"": 0.565}]",0.05956781633228009,False,A,True
spiral3,test_accuracy,backprop_neat - fixed_mlp_sin_matched,fixed_mlp_sin_matched,30,-0.13216666666666668,-0.135,-0.14750000000000002,-0.12,1.7137666960733877e-06,0,"[{""replicate"": 1, ""reference"": 0.6, ""other"": 0.785}, {""replicate"": 2, ""reference"": 0.59, ""other"": 0.76}, {""replicate"": 3, ""reference"": 0.63, ""other"": 0.725}, {""replicate"": 4, ""reference"": 0.595, ""other"": 0.745}, {""replicate"": 5, ""reference"": 0.645, ""other"": 0.765}, {""replicate"": 6, ""reference"": 0.665, ""other"": 0.715}, {""replicate"": 7, ""reference"": 0.615, ""other"": 0.78}, {""replicate"": 8, ""reference"": 0.635, ""other"": 0.725}, {""replicate"": 9, ""reference"": 0.655, ""other"": 0.73}, {""replicate"": 10, ""reference"": 0.635, ""other"": 0.705}, {""replicate"": 11, ""reference"": 0.62, ""other"": 0.755}, {""replicate"": 12, ""reference"": 0.62, ""other"": 0.74}, {""replicate"": 13, ""reference"": 0.57, ""other"": 0.75}, {""replicate"": 14, ""reference"": 0.645, ""other"": 0.79}, {""replicate"": 15, ""reference"": 0.57, ""other"": 0.73}, {""replicate"": 16, ""reference"": 0.68, ""other"": 0.745}, {""replicate"": 17, ""reference"": 0.53, ""other"": 0.7}, {""replicate"": 18, ""reference"": 0.555, ""other"": 0.725}, {""replicate"": 19, ""reference"": 0.62, ""other"": 0.76}, {""replicate"": 20, ""reference"": 0.62, ""other"": 0.715}, {""replicate"": 21, ""reference"": 0.61, ""other"": 0.735}, {""replicate"": 22, ""reference"": 0.62, ""other"": 0.74}, {""replicate"": 23, ""reference"": 0.59, ""other"": 0.725}, {""replicate"": 24, ""reference"": 0.63, ""other"": 0.755}, {""replicate"": 25, ""reference"": 0.685, ""other"": 0.765}, {""replicate"": 26, ""reference"": 0.535, ""other"": 0.78}, {""replicate"": 27, ""reference"": 0.635, ""other"": 0.78}, {""replicate"": 28, ""reference"": 0.6, ""other"": 0.735}, {""replicate"": 29, ""reference"": 0.61, ""other"": 0.795}, {""replicate"": 30, ""reference"": 0.61, ""other"": 0.73}]",5.9567075146283714e-05,True,A,True
spiral3,test_accuracy,backprop_neat - fixed_mlp_mixed_matched,fixed_mlp_mixed_matched,30,-0.1593333333333333,-0.15750000000000003,-0.17500000000000004,-0.14250000000000002,1.7256857880058036e-06,0,"[{""replicate"": 1, ""reference"": 0.6, ""other"": 0.76}, {""replicate"": 2, ""reference"": 0.59, ""other"": 0.79}, {""replicate"": 3, ""reference"": 0.63, ""other"": 0.805}, {""replicate"": 4, ""reference"": 0.595, ""other"": 0.73}, {""replicate"": 5, ""reference"": 0.645, ""other"": 0.795}, {""replicate"": 6, ""reference"": 0.665, ""other"": 0.76}, {""replicate"": 7, ""reference"": 0.615, ""other"": 0.79}, {""replicate"": 8, ""reference"": 0.635, ""other"": 0.725}, {""replicate"": 9, ""reference"": 0.655, ""other"": 0.79}, {""replicate"": 10, ""reference"": 0.635, ""other"": 0.755}, {""replicate"": 11, ""reference"": 0.62, ""other"": 0.745}, {""replicate"": 12, ""reference"": 0.62, ""other"": 0.82}, {""replicate"": 13, ""reference"": 0.57, ""other"": 0.765}, {""replicate"": 14, ""reference"": 0.645, ""other"": 0.81}, {""replicate"": 15, ""reference"": 0.57, ""other"": 0.78}, {""replicate"": 16, ""reference"": 0.68, ""other"": 0.795}, {""replicate"": 17, ""reference"": 0.53, ""other"": 0.725}, {""replicate"": 18, ""reference"": 0.555, ""other"": 0.81}, {""replicate"": 19, ""reference"": 0.62, ""other"": 0.78}, {""replicate"": 20, ""reference"": 0.62, ""other"": 0.765}, {""replicate"": 21, ""reference"": 0.61, ""other"": 0.765}, {""replicate"": 22, ""reference"": 0.62, ""other"": 0.785}, {""replicate"": 23, ""reference"": 0.59, ""other"": 0.82}, {""replicate"": 24, ""reference"": 0.63, ""other"": 0.71}, {""replicate"": 25, ""reference"": 0.685, ""other"": 0.78}, {""replicate"": 26, ""reference"": 0.535, ""other"": 0.76}, {""replicate"": 27, ""reference"": 0.635, ""other"": 0.775}, {""replicate"": 28, ""reference"": 0.6, ""other"": 0.795}, {""replicate"": 29, ""reference"": 0.61, ""other"": 0.76}, {""replicate"": 30, ""reference"": 0.61, ""other"": 0.755}]",5.9567075146283714e-05,True,A,True
spiral3,test_accuracy,backprop_neat - random_search_matched,random_search_matched,30,0.009666666666666683,0.020000000000000018,-0.010000000000000009,0.030000000000000027,0.21649611443053918,19,"[{""replicate"": 1, ""reference"": 0.6, ""other"": 0.58}, {""replicate"": 2, ""reference"": 0.59, ""other"": 0.635}, {""replicate"": 3, ""reference"": 0.63, ""other"": 0.61}, {""replicate"": 4, ""reference"": 0.595, ""other"": 0.56}, {""replicate"": 5, ""reference"": 0.645, ""other"": 0.61}, {""replicate"": 6, ""reference"": 0.665, ""other"": 0.635}, {""replicate"": 7, ""reference"": 0.615, ""other"": 0.585}, {""replicate"": 8, ""reference"": 0.635, ""other"": 0.65}, {""replicate"": 9, ""reference"": 0.655, ""other"": 0.62}, {""replicate"": 10, ""reference"": 0.635, ""other"": 0.625}, {""replicate"": 11, ""reference"": 0.62, ""other"": 0.61}, {""replicate"": 12, ""reference"": 0.62, ""other"": 0.645}, {""replicate"": 13, ""reference"": 0.57, ""other"": 0.63}, {""replicate"": 14, ""reference"": 0.645, ""other"": 0.6}, {""replicate"": 15, ""reference"": 0.57, ""other"": 0.58}, {""replicate"": 16, ""reference"": 0.68, ""other"": 0.565}, {""replicate"": 17, ""reference"": 0.53, ""other"": 0.595}, {""replicate"": 18, ""reference"": 0.555, ""other"": 0.585}, {""replicate"": 19, ""reference"": 0.62, ""other"": 0.58}, {""replicate"": 20, ""reference"": 0.62, ""other"": 0.585}, {""replicate"": 21, ""reference"": 0.61, ""other"": 0.59}, {""replicate"": 22, ""reference"": 0.62, ""other"": 0.61}, {""replicate"": 23, ""reference"": 0.59, ""other"": 0.64}, {""replicate"": 24, ""reference"": 0.63, ""other"": 0.605}, {""replicate"": 25, ""reference"": 0.685, ""other"": 0.595}, {""replicate"": 26, ""reference"": 0.535, ""other"": 0.58}, {""replicate"": 27, ""reference"": 0.635, ""other"": 0.615}, {""replicate"": 28, ""reference"": 0.6, ""other"": 0.61}, {""replicate"": 29, ""reference"": 0.61, ""other"": 0.62}, {""replicate"": 30, ""reference"": 0.61, ""other"": 0.58}]",0.8659844577221567,False,A,True
spiral3,test_accuracy,backprop_neat - homogeneous_tanh,homogeneous_tanh,30,0.07149999999999997,0.07749999999999996,0.062499999999999944,0.08499999999999996,2.8285918716182635e-06,26,"[{""replicate"": 1, ""reference"": 0.6, ""other"": 0.55}, {""replicate"": 2, ""reference"": 0.59, ""other"": 0.53}, {""replicate"": 3, ""reference"": 0.63, ""other"": 0.505}, {""replicate"": 4, ""reference"": 0.595, ""other"": 0.525}, {""replicate"": 5, ""reference"": 0.645, ""other"": 0.54}, {""replicate"": 6, ""reference"": 0.665, ""other"": 0.575}, {""replicate"": 7, ""reference"": 0.615, ""other"": 0.54}, {""replicate"": 8, ""reference"": 0.635, ""other"": 0.555}, {""replicate"": 9, ""reference"": 0.655, ""other"": 0.555}, {""replicate"": 10, ""reference"": 0.635, ""other"": 0.55}, {""replicate"": 11, ""reference"": 0.62, ""other"": 0.555}, {""replicate"": 12, ""reference"": 0.62, ""other"": 0.52}, {""replicate"": 13, ""reference"": 0.57, ""other"": 0.57}, {""replicate"": 14, ""reference"": 0.645, ""other"": 0.56}, {""replicate"": 15, ""reference"": 0.57, ""other"": 0.52}, {""replicate"": 16, ""reference"": 0.68, ""other"": 0.545}, {""replicate"": 17, ""reference"": 0.53, ""other"": 0.53}, {""replicate"": 18, ""reference"": 0.555, ""other"": 0.555}, {""replicate"": 19, ""reference"": 0.62, ""other"": 0.54}, {""replicate"": 20, ""reference"": 0.62, ""other"": 0.54}, {""replicate"": 21, ""reference"": 0.61, ""other"": 0.54}, {""replicate"": 22, ""reference"": 0.62, ""other"": 0.56}, {""replicate"": 23, ""reference"": 0.59, ""other"": 0.54}, {""replicate"": 24, ""reference"": 0.63, ""other"": 0.54}, {""replicate"": 25, ""reference"": 0.685, ""other"": 0.54}, {""replicate"": 26, ""reference"": 0.535, ""other"": 0.535}, {""replicate"": 27, ""reference"": 0.635, ""other"": 0.54}, {""replicate"": 28, ""reference"": 0.6, ""other"": 0.525}, {""replicate"": 29, ""reference"": 0.61, ""other"": 0.565}, {""replicate"": 30, ""reference"": 0.61, ""other"": 0.53}]",6.526675782991787e-05,True,A,True
spiral3,test_accuracy,backprop_neat - evolution_only,evolution_only,30,0.07833333333333331,0.08249999999999996,0.06749999999999995,0.09499999999999997,2.100451671164434e-06,29,"[{""replicate"": 1, ""reference"": 0.6, ""other"": 0.49}, {""replicate"": 2, ""reference"": 0.59, ""other"": 0.52}, {""replicate"": 3, ""reference"": 0.63, ""other"": 0.52}, {""replicate"": 4, ""reference"": 0.595, ""other"": 0.54}, {""replicate"": 5, ""reference"": 0.645, ""other"": 0.545}, {""replicate"": 6, ""reference"": 0.665, ""other"": 0.53}, {""replicate"": 7, ""reference"": 0.615, ""other"": 0.55}, {""replicate"": 8, ""reference"": 0.635, ""other"": 0.565}, {""replicate"": 9, ""reference"": 0.655, ""other"": 0.535}, {""replicate"": 10, ""reference"": 0.635, ""other"": 0.545}, {""replicate"": 11, ""reference"": 0.62, ""other"": 0.535}, {""replicate"": 12, ""reference"": 0.62, ""other"": 0.53}, {""replicate"": 13, ""reference"": 0.57, ""other"": 0.54}, {""replicate"": 14, ""reference"": 0.645, ""other"": 0.525}, {""replicate"": 15, ""reference"": 0.57, ""other"": 0.525}, {""replicate"": 16, ""reference"": 0.68, ""other"": 0.545}, {""replicate"": 17, ""reference"": 0.53, ""other"": 0.545}, {""replicate"": 18, ""reference"": 0.555, ""other"": 0.515}, {""replicate"": 19, ""reference"": 0.62, ""other"": 0.515}, {""replicate"": 20, ""reference"": 0.62, ""other"": 0.53}, {""replicate"": 21, ""reference"": 0.61, ""other"": 0.54}, {""replicate"": 22, ""reference"": 0.62, ""other"": 0.54}, {""replicate"": 23, ""reference"": 0.59, ""other"": 0.54}, {""replicate"": 24, ""reference"": 0.63, ""other"": 0.52}, {""replicate"": 25, ""reference"": 0.685, ""other"": 0.545}, {""replicate"": 26, ""reference"": 0.535, ""other"": 0.53}, {""replicate"": 27, ""reference"": 0.635, ""other"": 0.61}, {""replicate"": 28, ""reference"": 0.6, ""other"": 0.51}, {""replicate"": 29, ""reference"": 0.61, ""other"": 0.55}, {""replicate"": 30, ""reference"": 0.61, ""other"": 0.54}]",5.9567075146283714e-05,True,A,True
xor,test_accuracy,backprop_neat - fixed_mlp_tanh_ha,fixed_mlp_tanh_ha,30,0.009333333333333341,0.010000000000000009,0.007500000000000007,0.015000000000000013,0.0009365696990183971,22,"[{""replicate"": 1, ""reference"": 1.0, ""other"": 0.975}, {""replicate"": 2, ""reference"": 0.99, ""other"": 0.975}, {""replicate"": 3, ""reference"": 0.96, ""other"": 0.975}, {""replicate"": 4, ""reference"": 1.0, ""other"": 1.0}, {""replicate"": 5, ""reference"": 1.0, ""other"": 0.97}, {""replicate"": 6, ""reference"": 0.985, ""other"": 1.0}, {""replicate"": 7, ""reference"": 1.0, ""other"": 0.98}, {""replicate"": 8, ""reference"": 1.0, ""other"": 1.0}, {""replicate"": 9, ""reference"": 1.0, ""other"": 0.97}, {""replicate"": 10, ""reference"": 1.0, ""other"": 1.0}, {""replicate"": 11, ""reference"": 1.0, ""other"": 0.985}, {""replicate"": 12, ""reference"": 0.99, ""other"": 0.98}, {""replicate"": 13, ""reference"": 1.0, ""other"": 0.99}, {""replicate"": 14, ""reference"": 1.0, ""other"": 0.97}, {""replicate"": 15, ""reference"": 1.0, ""other"": 0.99}, {""replicate"": 16, ""reference"": 0.99, ""other"": 0.98}, {""replicate"": 17, ""reference"": 0.99, ""other"": 0.99}, {""replicate"": 18, ""reference"": 0.99, ""other"": 0.98}, {""replicate"": 19, ""reference"": 1.0, ""other"": 0.99}, {""replicate"": 20, ""reference"": 1.0, ""other"": 0.99}, {""replicate"": 21, ""reference"": 0.98, ""other"": 1.0}, {""replicate"": 22, ""reference"": 1.0, ""other"": 0.99}, {""replicate"": 23, ""reference"": 1.0, ""other"": 0.985}, {""replicate"": 24, ""reference"": 0.995, ""other"": 0.985}, {""replicate"": 25, ""reference"": 1.0, ""other"": 0.995}, {""replicate"": 26, ""reference"": 1.0, ""other"": 0.985}, {""replicate"": 27, ""reference"": 1.0, ""other"": 0.98}, {""replicate"": 28, ""reference"": 0.995, ""other"": 0.98}, {""replicate"": 29, ""reference"": 0.995, ""other"": 0.99}, {""replicate"": 30, ""reference"": 0.985, ""other"": 0.985}]",0.01592168488331275,True,A,True
xor,test_accuracy,backprop_neat - fixed_mlp_tanh_matched,fixed_mlp_tanh_matched,30,0.005166666666666671,0.0050000000000000044,0.0050000000000000044,0.010000000000000009,0.0030318831874138292,21,"[{""replicate"": 1, ""reference"": 1.0, ""other"": 1.0}, {""replicate"": 2, ""reference"": 0.99, ""other"": 0.98}, {""replicate"": 3, ""reference"": 0.96, ""other"": 0.975}, {""replicate"": 4, ""reference"": 1.0, ""other"": 1.0}, {""replicate"": 5, ""reference"": 1.0, ""other"": 0.99}, {""replicate"": 6, ""reference"": 0.985, ""other"": 0.995}, {""replicate"": 7, ""reference"": 1.0, ""other"": 0.995}, {""replicate"": 8, ""reference"": 1.0, ""other"": 1.0}, {""replicate"": 9, ""reference"": 1.0, ""other"": 0.995}, {""replicate"": 10, ""reference"": 1.0, ""other"": 0.995}, {""replicate"": 11, ""reference"": 1.0, ""other"": 0.99}, {""replicate"": 12, ""reference"": 0.99, ""other"": 0.985}, {""replicate"": 13, ""reference"": 1.0, ""other"": 0.995}, {""replicate"": 14, ""reference"": 1.0, ""other"": 0.99}, {""replicate"": 15, ""reference"": 1.0, ""other"": 0.99}, {""replicate"": 16, ""reference"": 0.99, ""other"": 0.985}, {""replicate"": 17, ""reference"": 0.99, ""other"": 0.99}, {""replicate"": 18, ""reference"": 0.99, ""other"": 0.98}, {""replicate"": 19, ""reference"": 1.0, ""other"": 0.99}, {""replicate"": 20, ""reference"": 1.0, ""other"": 0.985}, {""replicate"": 21, ""reference"": 0.98, ""other"": 0.995}, {""replicate"": 22, ""reference"": 1.0, ""other"": 0.985}, {""replicate"": 23, ""reference"": 1.0, ""other"": 0.995}, {""replicate"": 24, ""reference"": 0.995, ""other"": 0.99}, {""replicate"": 25, ""reference"": 1.0, ""other"": 1.0}, {""replicate"": 26, ""reference"": 1.0, ""other"": 0.98}, {""replicate"": 27, ""reference"": 1.0, ""other"": 0.985}, {""replicate"": 28, ""reference"": 0.995, ""other"": 0.985}, {""replicate"": 29, ""reference"": 0.995, ""other"": 0.98}, {""replicate"": 30, ""reference"": 0.985, ""other"": 0.99}]",0.03941448143637978,True,A,True
xor,test_accuracy,backprop_neat - fixed_mlp_sin_matched,fixed_mlp_sin_matched,30,0.023000000000000017,0.025000000000000022,0.015000000000000013,0.030000000000000027,4.022667677495249e-06,26,"[{""replicate"": 1, ""reference"": 1.0, ""other"": 0.97}, {""replicate"": 2, ""reference"": 0.99, ""other"": 0.93}, {""replicate"": 3, ""reference"": 0.96, ""other"": 0.96}, {""replicate"": 4, ""reference"": 1.0, ""other"": 0.975}, {""replicate"": 5, ""reference"": 1.0, ""other"": 0.965}, {""replicate"": 6, ""reference"": 0.985, ""other"": 0.995}, {""replicate"": 7, ""reference"": 1.0, ""other"": 0.965}, {""replicate"": 8, ""reference"": 1.0, ""other"": 1.0}, {""replicate"": 9, ""reference"": 1.0, ""other"": 0.97}, {""replicate"": 10, ""reference"": 1.0, ""other"": 0.97}, {""replicate"": 11, ""reference"": 1.0, ""other"": 0.97}, {""replicate"": 12, ""reference"": 0.99, ""other"": 0.975}, {""replicate"": 13, ""reference"": 1.0, ""other"": 0.975}, {""replicate"": 14, ""reference"": 1.0, ""other"": 0.955}, {""replicate"": 15, ""reference"": 1.0, ""other"": 0.975}, {""replicate"": 16, ""reference"": 0.99, ""other"": 0.97}, {""replicate"": 17, ""reference"": 0.99, ""other"": 0.975}, {""replicate"": 18, ""reference"": 0.99, ""other"": 0.975}, {""replicate"": 19, ""reference"": 1.0, ""other"": 0.985}, {""replicate"": 20, ""reference"": 1.0, ""other"": 0.95}, {""replicate"": 21, ""reference"": 0.98, ""other"": 0.98}, {""replicate"": 22, ""reference"": 1.0, ""other"": 0.97}, {""replicate"": 23, ""reference"": 1.0, ""other"": 0.985}, {""replicate"": 24, ""reference"": 0.995, ""other"": 0.99}, {""replicate"": 25, ""reference"": 1.0, ""other"": 0.975}, {""replicate"": 26, ""reference"": 1.0, ""other"": 0.97}, {""replicate"": 27, ""reference"": 1.0, ""other"": 0.97}, {""replicate"": 28, ""reference"": 0.995, ""other"": 0.95}, {""replicate"": 29, ""reference"": 0.995, ""other"": 0.98}, {""replicate"": 30, ""reference"": 0.985, ""other"": 0.98}]",8.849868890489548e-05,True,A,True
xor,test_accuracy,backprop_neat - fixed_mlp_mixed_matched,fixed_mlp_mixed_matched,30,0.012666666666666678,0.012500000000000011,0.0050000000000000044,0.020000000000000018,1.9869171794805143e-05,25,"[{""replicate"": 1, ""reference"": 1.0, ""other"": 0.995}, {""replicate"": 2, ""reference"": 0.99, ""other"": 0.975}, {""replicate"": 3, ""reference"": 0.96, ""other"": 0.98}, {""replicate"": 4, ""reference"": 1.0, ""other"": 1.0}, {""replicate"": 5, ""reference"": 1.0, ""other"": 0.97}, {""replicate"": 6, ""reference"": 0.985, ""other"": 0.98}, {""replicate"": 7, ""reference"": 1.0, ""other"": 0.98}, {""replicate"": 8, ""reference"": 1.0, ""other"": 0.995}, {""replicate"": 9, ""reference"": 1.0, ""other"": 0.975}, {""replicate"": 10, ""reference"": 1.0, ""other"": 0.98}, {""replicate"": 11, ""reference"": 1.0, ""other"": 0.98}, {""replicate"": 12, ""reference"": 0.99, ""other"": 0.99}, {""replicate"": 13, ""reference"": 1.0, ""other"": 0.995}, {""replicate"": 14, ""reference"": 1.0, ""other"": 0.99}, {""replicate"": 15, ""reference"": 1.0, ""other"": 0.985}, {""replicate"": 16, ""reference"": 0.99, ""other"": 0.985}, {""replicate"": 17, ""reference"": 0.99, ""other"": 0.99}, {""replicate"": 18, ""reference"": 0.99, ""other"": 0.97}, {""replicate"": 19, ""reference"": 1.0, ""other"": 0.97}, {""replicate"": 20, ""reference"": 1.0, ""other"": 0.975}, {""replicate"": 21, ""reference"": 0.98, ""other"": 0.965}, {""replicate"": 22, ""reference"": 1.0, ""other"": 0.975}, {""replicate"": 23, ""reference"": 1.0, ""other"": 0.995}, {""replicate"": 24, ""reference"": 0.995, ""other"": 0.99}, {""replicate"": 25, ""reference"": 1.0, ""other"": 0.995}, {""replicate"": 26, ""reference"": 1.0, ""other"": 0.985}, {""replicate"": 27, ""reference"": 1.0, ""other"": 0.96}, {""replicate"": 28, ""reference"": 0.995, ""other"": 0.965}, {""replicate"": 29, ""reference"": 0.995, ""other"": 0.99}, {""replicate"": 30, ""reference"": 0.985, ""other"": 0.985}]",0.00039738343589610286,True,A,True
xor,test_accuracy,backprop_neat - random_search_matched,random_search_matched,30,-0.001666666666666668,0.0,0.0,0.0,0.6532623454419053,8,"[{""replicate"": 1, ""reference"": 1.0, ""other"": 1.0}, {""replicate"": 2, ""reference"": 0.99, ""other"": 0.99}, {""replicate"": 3, ""reference"": 0.96, ""other"": 0.98}, {""replicate"": 4, ""reference"": 1.0, ""other"": 1.0}, {""replicate"": 5, ""reference"": 1.0, ""other"": 0.995}, {""replicate"": 6, ""reference"": 0.985, ""other"": 1.0}, {""replicate"": 7, ""reference"": 1.0, ""other"": 1.0}, {""replicate"": 8, ""reference"": 1.0, ""other"": 1.0}, {""replicate"": 9, ""reference"": 1.0, ""other"": 0.995}, {""replicate"": 10, ""reference"": 1.0, ""other"": 1.0}, {""replicate"": 11, ""reference"": 1.0, ""other"": 1.0}, {""replicate"": 12, ""reference"": 0.99, ""other"": 1.0}, {""replicate"": 13, ""reference"": 1.0, ""other"": 1.0}, {""replicate"": 14, ""reference"": 1.0, ""other"": 1.0}, {""replicate"": 15, ""reference"": 1.0, ""other"": 0.995}, {""replicate"": 16, ""reference"": 0.99, ""other"": 0.995}, {""replicate"": 17, ""reference"": 0.99, ""other"": 1.0}, {""replicate"": 18, ""reference"": 0.99, ""other"": 0.99}, {""replicate"": 19, ""reference"": 1.0, ""other"": 0.995}, {""replicate"": 20, ""reference"": 1.0, ""other"": 0.995}, {""replicate"": 21, ""reference"": 0.98, ""other"": 1.0}, {""replicate"": 22, ""reference"": 1.0, ""other"": 0.995}, {""replicate"": 23, ""reference"": 1.0, ""other"": 1.0}, {""replicate"": 24, ""reference"": 0.995, ""other"": 1.0}, {""replicate"": 25, ""reference"": 1.0, ""other"": 1.0}, {""replicate"": 26, ""reference"": 1.0, ""other"": 1.0}, {""replicate"": 27, ""reference"": 1.0, ""other"": 1.0}, {""replicate"": 28, ""reference"": 0.995, ""other"": 0.985}, {""replicate"": 29, ""reference"": 0.995, ""other"": 0.99}, {""replicate"": 30, ""reference"": 0.985, ""other"": 0.995}]",1.0,False,A,True
xor,test_accuracy,backprop_neat - homogeneous_tanh,homogeneous_tanh,30,-0.0011666666666666676,0.0,-0.0050000000000000044,0.0,0.5739934962041804,9,"[{""replicate"": 1, ""reference"": 1.0, ""other"": 1.0}, {""replicate"": 2, ""reference"": 0.99, ""other"": 0.97}, {""replicate"": 3, ""reference"": 0.96, ""other"": 0.985}, {""replicate"": 4, ""reference"": 1.0, ""other"": 1.0}, {""replicate"": 5, ""reference"": 1.0, ""other"": 0.985}, {""replicate"": 6, ""reference"": 0.985, ""other"": 1.0}, {""replicate"": 7, ""reference"": 1.0, ""other"": 1.0}, {""replicate"": 8, ""reference"": 1.0, ""other"": 1.0}, {""replicate"": 9, ""reference"": 1.0, ""other"": 0.995}, {""replicate"": 10, ""reference"": 1.0, ""other"": 1.0}, {""replicate"": 11, ""reference"": 1.0, ""other"": 0.995}, {""replicate"": 12, ""reference"": 0.99, ""other"": 0.995}, {""replicate"": 13, ""reference"": 1.0, ""other"": 1.0}, {""replicate"": 14, ""reference"": 1.0, ""other"": 1.0}, {""replicate"": 15, ""reference"": 1.0, ""other"": 0.995}, {""replicate"": 16, ""reference"": 0.99, ""other"": 0.995}, {""replicate"": 17, ""reference"": 0.99, ""other"": 1.0}, {""replicate"": 18, ""reference"": 0.99, ""other"": 0.995}, {""replicate"": 19, ""reference"": 1.0, ""other"": 0.995}, {""replicate"": 20, ""reference"": 1.0, ""other"": 0.99}, {""replicate"": 21, ""reference"": 0.98, ""other"": 1.0}, {""replicate"": 22, ""reference"": 1.0, ""other"": 1.0}, {""replicate"": 23, ""reference"": 1.0, ""other"": 1.0}, {""replicate"": 24, ""reference"": 0.995, ""other"": 1.0}, {""replicate"": 25, ""reference"": 1.0, ""other"": 0.995}, {""replicate"": 26, ""reference"": 1.0, ""other"": 0.995}, {""replicate"": 27, ""reference"": 1.0, ""other"": 1.0}, {""replicate"": 28, ""reference"": 0.995, ""other"": 1.0}, {""replicate"": 29, ""reference"": 0.995, ""other"": 1.0}, {""replicate"": 30, ""reference"": 0.985, ""other"": 0.995}]",1.0,False,A,True
xor,test_accuracy,backprop_neat - evolution_only,evolution_only,30,0.2028333333333333,0.23249999999999998,0.07999999999999996,0.28500000000000003,2.343329837292043e-06,27,"[{""replicate"": 1, ""reference"": 1.0, ""other"": 0.9}, {""replicate"": 2, ""reference"": 0.99, ""other"": 0.545}, {""replicate"": 3, ""reference"": 0.96, ""other"": 0.79}, {""replicate"": 4, ""reference"": 1.0, ""other"": 0.99}, {""replicate"": 5, ""reference"": 1.0, ""other"": 0.945}, {""replicate"": 6, ""reference"": 0.985, ""other"": 0.985}, {""replicate"": 7, ""reference"": 1.0, ""other"": 0.665}, {""replicate"": 8, ""reference"": 1.0, ""other"": 0.845}, {""replicate"": 9, ""reference"": 1.0, ""other"": 0.72}, {""replicate"": 10, ""reference"": 1.0, ""other"": 1.0}, {""replicate"": 11, ""reference"": 1.0, ""other"": 0.585}, {""replicate"": 12, ""reference"": 0.99, ""other"": 0.96}, {""replicate"": 13, ""reference"": 1.0, ""other"": 0.745}, {""replicate"": 14, ""reference"": 1.0, ""other"": 0.995}, {""replicate"": 15, ""reference"": 1.0, ""other"": 0.765}, {""replicate"": 16, ""reference"": 0.99, ""other"": 0.99}, {""replicate"": 17, ""reference"": 0.99, ""other"": 0.72}, {""replicate"": 18, ""reference"": 0.99, ""other"": 0.48}, {""replicate"": 19, ""reference"": 1.0, ""other"": 0.98}, {""replicate"": 20, ""reference"": 1.0, ""other"": 0.675}, {""replicate"": 21, ""reference"": 0.98, ""other"": 0.61}, {""replicate"": 22, ""reference"": 1.0, ""other"": 0.73}, {""replicate"": 23, ""reference"": 1.0, ""other"": 0.71}, {""replicate"": 24, ""reference"": 0.995, ""other"": 0.605}, {""replicate"": 25, ""reference"": 1.0, ""other"": 0.675}, {""replicate"": 26, ""reference"": 1.0, ""other"": 0.645}, {""replicate"": 27, ""reference"": 1.0, ""other"": 0.83}, {""replicate"": 28, ""reference"": 0.995, ""other"": 0.935}, {""replicate"": 29, ""reference"": 0.995, ""other"": 0.985}, {""replicate"": 30, ""reference"": 0.985, ""other"": 0.755}]",6.284371386393531e-05,True,A,True
circle,test_accuracy,backprop_neat - prop_ha_fit_val,prop_ha_fit_val,30,0.026000000000000002,0.0050000000000000044,0.0,0.0050000000000000044,0.017324733890362418,18,"[{""replicate"": 1, ""reference"": 1.0, ""other"": 0.95}, {""replicate"": 2, ""reference"": 0.98, ""other"": 0.98}, {""replicate"": 3, ""reference"": 1.0, ""other"": 0.995}, {""replicate"": 4, ""reference"": 0.97, ""other"": 0.97}, {""replicate"": 5, ""reference"": 0.985, ""other"": 0.985}, {""replicate"": 6, ""reference"": 0.99, ""other"": 0.99}, {""replicate"": 7, ""reference"": 0.985, ""other"": 0.805}, {""replicate"": 8, ""reference"": 0.99, ""other"": 0.985}, {""replicate"": 9, ""reference"": 0.985, ""other"": 0.98}, {""replicate"": 10, ""reference"": 0.99, ""other"": 0.985}, {""replicate"": 11, ""reference"": 1.0, ""other"": 0.995}, {""replicate"": 12, ""reference"": 0.985, ""other"": 0.95}, {""replicate"": 13, ""reference"": 0.985, ""other"": 0.995}, {""replicate"": 14, ""reference"": 0.995, ""other"": 0.985}, {""replicate"": 15, ""reference"": 0.97, ""other"": 0.97}, {""replicate"": 16, ""reference"": 0.985, ""other"": 0.955}, {""replicate"": 17, ""reference"": 0.99, ""other"": 0.995}, {""replicate"": 18, ""reference"": 0.97, ""other"": 0.965}, {""replicate"": 19, ""reference"": 0.995, ""other"": 1.0}, {""replicate"": 20, ""reference"": 0.995, ""other"": 0.875}, {""replicate"": 21, ""reference"": 1.0, ""other"": 0.98}, {""replicate"": 22, ""reference"": 1.0, ""other"": 0.88}, {""replicate"": 23, ""reference"": 0.985, ""other"": 0.98}, {""replicate"": 24, ""reference"": 0.985, ""other"": 0.98}, {""replicate"": 25, ""reference"": 0.96, ""other"": 0.98}, {""replicate"": 26, ""reference"": 0.98, ""other"": 0.99}, {""replicate"": 27, ""reference"": 0.98, ""other"": 0.975}, {""replicate"": 28, ""reference"": 0.985, ""other"": 0.99}, {""replicate"": 29, ""reference"": 0.97, ""other"": 0.74}, {""replicate"": 30, ""reference"": 0.975, ""other"": 0.98}]",,,B,False
circle,test_accuracy,backprop_neat - prop_ha_fit_train,prop_ha_fit_train,30,0.04533333333333333,0.010000000000000009,0.0050000000000000044,0.025000000000000022,0.0010425461227037366,23,"[{""replicate"": 1, ""reference"": 1.0, ""other"": 0.99}, {""replicate"": 2, ""reference"": 0.98, ""other"": 0.97}, {""replicate"": 3, ""reference"": 1.0, ""other"": 0.99}, {""replicate"": 4, ""reference"": 0.97, ""other"": 0.965}, {""replicate"": 5, ""reference"": 0.985, ""other"": 0.915}, {""replicate"": 6, ""reference"": 0.99, ""other"": 0.975}, {""replicate"": 7, ""reference"": 0.985, ""other"": 0.98}, {""replicate"": 8, ""reference"": 0.99, ""other"": 0.995}, {""replicate"": 9, ""reference"": 0.985, ""other"": 0.8}, {""replicate"": 10, ""reference"": 0.99, ""other"": 0.91}, {""replicate"": 11, ""reference"": 1.0, ""other"": 0.49}, {""replicate"": 12, ""reference"": 0.985, ""other"": 0.98}, {""replicate"": 13, ""reference"": 0.985, ""other"": 1.0}, {""replicate"": 14, ""reference"": 0.995, ""other"": 0.99}, {""replicate"": 15, ""reference"": 0.97, ""other"": 0.985}, {""replicate"": 16, ""reference"": 0.985, ""other"": 0.92}, {""replicate"": 17, ""reference"": 0.99, ""other"": 0.94}, {""replicate"": 18, ""reference"": 0.97, ""other"": 0.98}, {""replicate"": 19, ""reference"": 0.995, ""other"": 0.885}, {""replicate"": 20, ""reference"": 0.995, ""other"": 0.92}, {""replicate"": 21, ""reference"": 1.0, ""other"": 0.975}, {""replicate"": 22, ""reference"": 1.0, ""other"": 0.99}, {""replicate"": 23, ""reference"": 0.985, ""other"": 0.965}, {""replicate"": 24, ""reference"": 0.985, ""other"": 0.845}, {""replicate"": 25, ""reference"": 0.96, ""other"": 0.98}, {""replicate"": 26, ""reference"": 0.98, ""other"": 0.97}, {""replicate"": 27, ""reference"": 0.98, ""other"": 0.98}, {""replicate"": 28, ""reference"": 0.985, ""other"": 0.985}, {""replicate"": 29, ""reference"": 0.97, ""other"": 0.965}, {""replicate"": 30, ""reference"": 0.975, ""other"": 0.97}]",,,B,False
circle,test_accuracy,backprop_neat - prop_settled_fit_train,prop_settled_fit_train,30,0.0020000000000000018,0.0,0.0,0.0050000000000000044,0.31241381459166695,13,"[{""replicate"": 1, ""reference"": 1.0, ""other"": 1.0}, {""replicate"": 2, ""reference"": 0.98, ""other"": 0.975}, {""replicate"": 3, ""reference"": 1.0, ""other"": 0.995}, {""replicate"": 4, ""reference"": 0.97, ""other"": 0.975}, {""replicate"": 5, ""reference"": 0.985, ""other"": 0.98}, {""replicate"": 6, ""reference"": 0.99, ""other"": 0.98}, {""replicate"": 7, ""reference"": 0.985, ""other"": 0.98}, {""replicate"": 8, ""reference"": 0.99, ""other"": 0.975}, {""replicate"": 9, ""reference"": 0.985, ""other"": 0.99}, {""replicate"": 10, ""reference"": 0.99, ""other"": 0.985}, {""replicate"": 11, ""reference"": 1.0, ""other"": 1.0}, {""replicate"": 12, ""reference"": 0.985, ""other"": 0.975}, {""replicate"": 13, ""reference"": 0.985, ""other"": 0.985}, {""replicate"": 14, ""reference"": 0.995, ""other"": 0.97}, {""replicate"": 15, ""reference"": 0.97, ""other"": 0.975}, {""replicate"": 16, ""reference"": 0.985, ""other"": 0.985}, {""replicate"": 17, ""reference"": 0.99, ""other"": 0.99}, {""replicate"": 18, ""reference"": 0.97, ""other"": 0.98}, {""replicate"": 19, ""reference"": 0.995, ""other"": 0.995}, {""replicate"": 20, ""reference"": 0.995, ""other"": 0.995}, {""replicate"": 21, ""reference"": 1.0, ""other"": 0.99}, {""replicate"": 22, ""reference"": 1.0, ""other"": 1.0}, {""replicate"": 23, ""reference"": 0.985, ""other"": 0.96}, {""replicate"": 24, ""reference"": 0.985, ""other"": 0.98}, {""replicate"": 25, ""reference"": 0.96, ""other"": 0.98}, {""replicate"": 26, ""reference"": 0.98, ""other"": 0.985}, {""replicate"": 27, ""reference"": 0.98, ""other"": 0.975}, {""replicate"": 28, ""reference"": 0.985, ""other"": 0.99}, {""replicate"": 29, ""reference"": 0.97, ""other"": 0.98}, {""replicate"": 30, ""reference"": 0.975, ""other"": 0.98}]",,,B,False
spiral,test_accuracy,backprop_neat - prop_ha_fit_val,prop_ha_fit_val,30,0.06516666666666668,0.06750000000000006,0.04250000000000004,0.08499999999999996,1.4827260137983419e-05,27,"[{""replicate"": 1, ""reference"": 0.81, ""other"": 0.715}, {""replicate"": 2, ""reference"": 0.86, ""other"": 0.68}, {""replicate"": 3, ""reference"": 0.8, ""other"": 0.755}, {""replicate"": 4, ""reference"": 0.755, ""other"": 0.68}, {""replicate"": 5, ""reference"": 0.79, ""other"": 0.77}, {""replicate"": 6, ""reference"": 0.78, ""other"": 0.725}, {""replicate"": 7, ""reference"": 0.73, ""other"": 0.765}, {""replicate"": 8, ""reference"": 0.78, ""other"": 0.73}, {""replicate"": 9, ""reference"": 0.775, ""other"": 0.735}, {""replicate"": 10, ""reference"": 0.78, ""other"": 0.715}, {""replicate"": 11, ""reference"": 0.685, ""other"": 0.725}, {""replicate"": 12, ""reference"": 0.75, ""other"": 0.725}, {""replicate"": 13, ""reference"": 0.85, ""other"": 0.71}, {""replicate"": 14, ""reference"": 0.87, ""other"": 0.795}, {""replicate"": 15, ""reference"": 0.75, ""other"": 0.715}, {""replicate"": 16, ""reference"": 0.86, ""other"": 0.73}, {""replicate"": 17, ""reference"": 0.825, ""other"": 0.72}, {""replicate"": 18, ""reference"": 0.825, ""other"": 0.705}, {""replicate"": 19, ""reference"": 0.73, ""other"": 0.695}, {""replicate"": 20, ""reference"": 0.785, ""other"": 0.715}, {""replicate"": 21, ""reference"": 0.84, ""other"": 0.715}, {""replicate"": 22, ""reference"": 0.85, ""other"": 0.77}, {""replicate"": 23, ""reference"": 0.72, ""other"": 0.755}, {""replicate"": 24, ""reference"": 0.725, ""other"": 0.72}, {""replicate"": 25, ""reference"": 0.775, ""other"": 0.64}, {""replicate"": 26, ""reference"": 0.835, ""other"": 0.715}, {""replicate"": 27, ""reference"": 0.775, ""other"": 0.755}, {""replicate"": 28, ""reference"": 0.8, ""other"": 0.745}, {""replicate"": 29, ""reference"": 0.805, ""other"": 0.73}, {""replicate"": 30, ""reference"": 0.82, ""other"": 0.73}]",,,B,False
spiral,test_accuracy,backprop_neat - prop_ha_fit_train,prop_ha_fit_train,30,0.07166666666666668,0.0675,0.010000000000000009,0.10000000000000003,0.0020955180965720518,21,"[{""replicate"": 1, ""reference"": 0.81, ""other"": 0.605}, {""replicate"": 2, ""reference"": 0.86, ""other"": 0.69}, {""replicate"": 3, ""reference"": 0.8, ""other"": 0.81}, {""replicate"": 4, ""reference"": 0.755, ""other"": 0.745}, {""replicate"": 5, ""reference"": 0.79, ""other"": 0.675}, {""replicate"": 6, ""reference"": 0.78, ""other"": 0.705}, {""replicate"": 7, ""reference"": 0.73, ""other"": 0.815}, {""replicate"": 8, ""reference"": 0.78, ""other"": 0.805}, {""replicate"": 9, ""reference"": 0.775, ""other"": 0.69}, {""replicate"": 10, ""reference"": 0.78, ""other"": 0.785}, {""replicate"": 11, ""reference"": 0.685, ""other"": 0.605}, {""replicate"": 12, ""reference"": 0.75, ""other"": 0.74}, {""replicate"": 13, ""reference"": 0.85, ""other"": 0.59}, {""replicate"": 14, ""reference"": 0.87, ""other"": 0.755}, {""replicate"": 15, ""reference"": 0.75, ""other"": 0.765}, {""replicate"": 16, ""reference"": 0.86, ""other"": 0.56}, {""replicate"": 17, ""reference"": 0.825, ""other"": 0.765}, {""replicate"": 18, ""reference"": 0.825, ""other"": 0.705}, {""replicate"": 19, ""reference"": 0.73, ""other"": 0.705}, {""replicate"": 20, ""reference"": 0.785, ""other"": 0.815}, {""replicate"": 21, ""reference"": 0.84, ""other"": 0.605}, {""replicate"": 22, ""reference"": 0.85, ""other"": 0.715}, {""replicate"": 23, ""reference"": 0.72, ""other"": 0.71}, {""replicate"": 24, ""reference"": 0.725, ""other"": 0.7}, {""replicate"": 25, ""reference"": 0.775, ""other"": 0.83}, {""replicate"": 26, ""reference"": 0.835, ""other"": 0.595}, {""replicate"": 27, ""reference"": 0.775, ""other"": 0.805}, {""replicate"": 28, ""reference"": 0.8, ""other"": 0.835}, {""replicate"": 29, ""reference"": 0.805, ""other"": 0.725}, {""replicate"": 30, ""reference"": 0.82, ""other"": 0.735}]",,,B,False
spiral,test_accuracy,backprop_neat - prop_settled_fit_train,prop_settled_fit_train,30,-0.004833333333333334,-0.0025000000000000022,-0.03249999999999997,0.01756249999999905,0.7575834481121451,13,"[{""replicate"": 1, ""reference"": 0.81, ""other"": 0.81}, {""replicate"": 2, ""reference"": 0.86, ""other"": 0.78}, {""replicate"": 3, ""reference"": 0.8, ""other"": 0.795}, {""replicate"": 4, ""reference"": 0.755, ""other"": 0.8}, {""replicate"": 5, ""reference"": 0.79, ""other"": 0.82}, {""replicate"": 6, ""reference"": 0.78, ""other"": 0.705}, {""replicate"": 7, ""reference"": 0.73, ""other"": 0.79}, {""replicate"": 8, ""reference"": 0.78, ""other"": 0.73}, {""replicate"": 9, ""reference"": 0.775, ""other"": 0.835}, {""replicate"": 10, ""reference"": 0.78, ""other"": 0.77}, {""replicate"": 11, ""reference"": 0.685, ""other"": 0.72}, {""replicate"": 12, ""reference"": 0.75, ""other"": 0.76}, {""replicate"": 13, ""reference"": 0.85, ""other"": 0.84}, {""replicate"": 14, ""reference"": 0.87, ""other"": 0.915}, {""replicate"": 15, ""reference"": 0.75, ""other"": 0.805}, {""replicate"": 16, ""reference"": 0.86, ""other"": 0.745}, {""replicate"": 17, ""reference"": 0.825, ""other"": 0.825}, {""replicate"": 18, ""reference"": 0.825, ""other"": 0.765}, {""replicate"": 19, ""reference"": 0.73, ""other"": 0.845}, {""replicate"": 20, ""reference"": 0.785, ""other"": 0.765}, {""replicate"": 21, ""reference"": 0.84, ""other"": 0.79}, {""replicate"": 22, ""reference"": 0.85, ""other"": 0.755}, {""replicate"": 23, ""reference"": 0.72, ""other"": 0.815}, {""replicate"": 24, ""reference"": 0.725, ""other"": 0.895}, {""replicate"": 25, ""reference"": 0.775, ""other"": 0.87}, {""replicate"": 26, ""reference"": 0.835, ""other"": 0.72}, {""replicate"": 27, ""reference"": 0.775, ""other"": 0.805}, {""replicate"": 28, ""reference"": 0.8, ""other"": 0.82}, {""replicate"": 29, ""reference"": 0.805, ""other"": 0.81}, {""replicate"": 30, ""reference"": 0.82, ""other"": 0.78}]",,,B,False
xor,test_accuracy,backprop_neat - prop_ha_fit_val,prop_ha_fit_val,30,0.04383333333333335,0.017500000000000016,0.0,0.03500000000000003,0.001990032969368444,18,"[{""replicate"": 1, ""reference"": 1.0, ""other"": 1.0}, {""replicate"": 2, ""reference"": 0.99, ""other"": 0.99}, {""replicate"": 3, ""reference"": 0.96, ""other"": 1.0}, {""replicate"": 4, ""reference"": 1.0, ""other"": 1.0}, {""replicate"": 5, ""reference"": 1.0, ""other"": 0.81}, {""replicate"": 6, ""reference"": 0.985, ""other"": 0.945}, {""replicate"": 7, ""reference"": 1.0, ""other"": 0.975}, {""replicate"": 8, ""reference"": 1.0, ""other"": 0.98}, {""replicate"": 9, ""reference"": 1.0, ""other"": 0.965}, {""replicate"": 10, ""reference"": 1.0, ""other"": 0.965}, {""replicate"": 11, ""reference"": 1.0, ""other"": 1.0}, {""replicate"": 12, ""reference"": 0.99, ""other"": 1.0}, {""replicate"": 13, ""reference"": 1.0, ""other"": 1.0}, {""replicate"": 14, ""reference"": 1.0, ""other"": 0.985}, {""replicate"": 15, ""reference"": 1.0, ""other"": 0.84}, {""replicate"": 16, ""reference"": 0.99, ""other"": 1.0}, {""replicate"": 17, ""reference"": 0.99, ""other"": 1.0}, {""replicate"": 18, ""reference"": 0.99, ""other"": 0.83}, {""replicate"": 19, ""reference"": 1.0, ""other"": 0.91}, {""replicate"": 20, ""reference"": 1.0, ""other"": 0.965}, {""replicate"": 21, ""reference"": 0.98, ""other"": 1.0}, {""replicate"": 22, ""reference"": 1.0, ""other"": 0.995}, {""replicate"": 23, ""reference"": 1.0, ""other"": 0.86}, {""replicate"": 24, ""reference"": 0.995, ""other"": 0.975}, {""replicate"": 25, ""reference"": 1.0, ""other"": 0.99}, {""replicate"": 26, ""reference"": 1.0, ""other"": 1.0}, {""replicate"": 27, ""reference"": 1.0, ""other"": 0.67}, {""replicate"": 28, ""reference"": 0.995, ""other"": 0.94}, {""replicate"": 29, ""reference"": 0.995, ""other"": 0.995}, {""replicate"": 30, ""reference"": 0.985, ""other"": 0.945}]",,,B,False
xor,test_accuracy,backprop_neat - prop_ha_fit_train,prop_ha_fit_train,30,0.18416666666666667,0.16000000000000003,0.04500000000000004,0.22750000000000004,1.1754125862222138e-05,25,"[{""replicate"": 1, ""reference"": 1.0, ""other"": 0.635}, {""replicate"": 2, ""reference"": 0.99, ""other"": 1.0}, {""replicate"": 3, ""reference"": 0.96, ""other"": 0.85}, {""replicate"": 4, ""reference"": 1.0, ""other"": 0.82}, {""replicate"": 5, ""reference"": 1.0, ""other"": 0.815}, {""replicate"": 6, ""reference"": 0.985, ""other"": 0.9}, {""replicate"": 7, ""reference"": 1.0, ""other"": 0.33}, {""replicate"": 8, ""reference"": 1.0, ""other"": 0.8}, {""replicate"": 9, ""reference"": 1.0, ""other"": 0.765}, {""replicate"": 10, ""reference"": 1.0, ""other"": 0.83}, {""replicate"": 11, ""reference"": 1.0, ""other"": 0.98}, {""replicate"": 12, ""reference"": 0.99, ""other"": 0.99}, {""replicate"": 13, ""reference"": 1.0, ""other"": 0.995}, {""replicate"": 14, ""reference"": 1.0, ""other"": 0.575}, {""replicate"": 15, ""reference"": 1.0, ""other"": 0.86}, {""replicate"": 16, ""reference"": 0.99, ""other"": 0.95}, {""replicate"": 17, ""reference"": 0.99, ""other"": 1.0}, {""replicate"": 18, ""reference"": 0.99, ""other"": 0.66}, {""replicate"": 19, ""reference"": 1.0, ""other"": 0.51}, {""replicate"": 20, ""reference"": 1.0, ""other"": 0.975}, {""replicate"": 21, ""reference"": 0.98, ""other"": 1.0}, {""replicate"": 22, ""reference"": 1.0, ""other"": 0.95}, {""replicate"": 23, ""reference"": 1.0, ""other"": 0.595}, {""replicate"": 24, ""reference"": 0.995, ""other"": 0.505}, {""replicate"": 25, ""reference"": 1.0, ""other"": 0.825}, {""replicate"": 26, ""reference"": 1.0, ""other"": 0.85}, {""replicate"": 27, ""reference"": 1.0, ""other"": 0.66}, {""replicate"": 28, ""reference"": 0.995, ""other"": 0.725}, {""replicate"": 29, ""reference"": 0.995, ""other"": 0.975}, {""replicate"": 30, ""reference"": 0.985, ""other"": 0.995}]",,,B,False
xor,test_accuracy,backprop_neat - prop_settled_fit_train,prop_settled_fit_train,30,0.0013333333333333346,0.0,0.0,0.0,0.5719343813345623,6,"[{""replicate"": 1, ""reference"": 1.0, ""other"": 1.0}, {""replicate"": 2, ""reference"": 0.99, ""other"": 1.0}, {""replicate"": 3, ""reference"": 0.96, ""other"": 0.97}, {""replicate"": 4, ""reference"": 1.0, ""other"": 0.995}, {""replicate"": 5, ""reference"": 1.0, ""other"": 1.0}, {""replicate"": 6, ""reference"": 0.985, ""other"": 0.985}, {""replicate"": 7, ""reference"": 1.0, ""other"": 1.0}, {""replicate"": 8, ""reference"": 1.0, ""other"": 1.0}, {""replicate"": 9, ""reference"": 1.0, ""other"": 0.995}, {""replicate"": 10, ""reference"": 1.0, ""other"": 1.0}, {""replicate"": 11, ""reference"": 1.0, ""other"": 0.96}, {""replicate"": 12, ""reference"": 0.99, ""other"": 1.0}, {""replicate"": 13, ""reference"": 1.0, ""other"": 0.985}, {""replicate"": 14, ""reference"": 1.0, ""other"": 1.0}, {""replicate"": 15, ""reference"": 1.0, ""other"": 1.0}, {""replicate"": 16, ""reference"": 0.99, ""other"": 0.995}, {""replicate"": 17, ""reference"": 0.99, ""other"": 0.995}, {""replicate"": 18, ""reference"": 0.99, ""other"": 0.99}, {""replicate"": 19, ""reference"": 1.0, ""other"": 0.965}, {""replicate"": 20, ""reference"": 1.0, ""other"": 1.0}, {""replicate"": 21, ""reference"": 0.98, ""other"": 0.99}, {""replicate"": 22, ""reference"": 1.0, ""other"": 1.0}, {""replicate"": 23, ""reference"": 1.0, ""other"": 1.0}, {""replicate"": 24, ""reference"": 0.995, ""other"": 1.0}, {""replicate"": 25, ""reference"": 1.0, ""other"": 0.995}, {""replicate"": 26, ""reference"": 1.0, ""other"": 1.0}, {""replicate"": 27, ""reference"": 1.0, ""other"": 1.0}, {""replicate"": 28, ""reference"": 0.995, ""other"": 1.0}, {""replicate"": 29, ""reference"": 0.995, ""other"": 0.995}, {""replicate"": 30, ""reference"": 0.985, ""other"": 0.99}]",,,B,False
spiral,test_accuracy,backprop_neat - sel_roulette_s1.0,sel_roulette_s1.0,30,-0.005666666666666671,0.0025000000000000022,-0.03249999999999997,0.027500000000000024,0.7420390197529327,15,"[{""replicate"": 1, ""reference"": 0.81, ""other"": 0.76}, {""replicate"": 2, ""reference"": 0.86, ""other"": 0.75}, {""replicate"": 3, ""reference"": 0.8, ""other"": 0.76}, {""replicate"": 4, ""reference"": 0.755, ""other"": 0.825}, {""replicate"": 5, ""reference"": 0.79, ""other"": 0.8}, {""replicate"": 6, ""reference"": 0.78, ""other"": 0.815}, {""replicate"": 7, ""reference"": 0.73, ""other"": 0.835}, {""replicate"": 8, ""reference"": 0.78, ""other"": 0.765}, {""replicate"": 9, ""reference"": 0.775, ""other"": 0.81}, {""replicate"": 10, ""reference"": 0.78, ""other"": 0.775}, {""replicate"": 11, ""reference"": 0.685, ""other"": 0.81}, {""replicate"": 12, ""reference"": 0.75, ""other"": 0.77}, {""replicate"": 13, ""reference"": 0.85, ""other"": 0.88}, {""replicate"": 14, ""reference"": 0.87, ""other"": 0.84}, {""replicate"": 15, ""reference"": 0.75, ""other"": 0.875}, {""replicate"": 16, ""reference"": 0.86, ""other"": 0.815}, {""replicate"": 17, ""reference"": 0.825, ""other"": 0.765}, {""replicate"": 18, ""reference"": 0.825, ""other"": 0.805}, {""replicate"": 19, ""reference"": 0.73, ""other"": 0.86}, {""replicate"": 20, ""reference"": 0.785, ""other"": 0.78}, {""replicate"": 21, ""reference"": 0.84, ""other"": 0.855}, {""replicate"": 22, ""reference"": 0.85, ""other"": 0.805}, {""replicate"": 23, ""reference"": 0.72, ""other"": 0.77}, {""replicate"": 24, ""reference"": 0.725, ""other"": 0.785}, {""replicate"": 25, ""reference"": 0.775, ""other"": 0.845}, {""replicate"": 26, ""reference"": 0.835, ""other"": 0.76}, {""replicate"": 27, ""reference"": 0.775, ""other"": 0.765}, {""replicate"": 28, ""reference"": 0.8, ""other"": 0.8}, {""replicate"": 29, ""reference"": 0.805, ""other"": 0.685}, {""replicate"": 30, ""reference"": 0.82, ""other"": 0.74}]",,,C,False
spiral,test_accuracy,backprop_neat - sel_roulette_s0.1,sel_roulette_s0.1,30,-0.020666666666666663,-0.017500000000000016,-0.044999999999999984,-0.0025000000000000022,0.05977479743840652,9,"[{""replicate"": 1, ""reference"": 0.81, ""other"": 0.825}, {""replicate"": 2, ""reference"": 0.86, ""other"": 0.8}, {""replicate"": 3, ""reference"": 0.8, ""other"": 0.8}, {""replicate"": 4, ""reference"": 0.755, ""other"": 0.785}, {""replicate"": 5, ""reference"": 0.79, ""other"": 0.815}, {""replicate"": 6, ""reference"": 0.78, ""other"": 0.795}, {""replicate"": 7, ""reference"": 0.73, ""other"": 0.86}, {""replicate"": 8, ""reference"": 0.78, ""other"": 0.73}, {""replicate"": 9, ""reference"": 0.775, ""other"": 0.81}, {""replicate"": 10, ""reference"": 0.78, ""other"": 0.79}, {""replicate"": 11, ""reference"": 0.685, ""other"": 0.76}, {""replicate"": 12, ""reference"": 0.75, ""other"": 0.81}, {""replicate"": 13, ""reference"": 0.85, ""other"": 0.825}, {""replicate"": 14, ""reference"": 0.87, ""other"": 0.89}, {""replicate"": 15, ""reference"": 0.75, ""other"": 0.85}, {""replicate"": 16, ""reference"": 0.86, ""other"": 0.825}, {""replicate"": 17, ""reference"": 0.825, ""other"": 0.79}, {""replicate"": 18, ""reference"": 0.825, ""other"": 0.83}, {""replicate"": 19, ""reference"": 0.73, ""other"": 0.785}, {""replicate"": 20, ""reference"": 0.785, ""other"": 0.77}, {""replicate"": 21, ""reference"": 0.84, ""other"": 0.85}, {""replicate"": 22, ""reference"": 0.85, ""other"": 0.835}, {""replicate"": 23, ""reference"": 0.72, ""other"": 0.845}, {""replicate"": 24, ""reference"": 0.725, ""other"": 0.795}, {""replicate"": 25, ""reference"": 0.775, ""other"": 0.835}, {""replicate"": 26, ""reference"": 0.835, ""other"": 0.695}, {""replicate"": 27, ""reference"": 0.775, ""other"": 0.885}, {""replicate"": 28, ""reference"": 0.8, ""other"": 0.77}, {""replicate"": 29, ""reference"": 0.805, ""other"": 0.86}, {""replicate"": 30, ""reference"": 0.82, ""other"": 0.84}]",,,C,False
spiral,test_accuracy,backprop_neat - sel_roulette_s0.001,sel_roulette_s0.001,30,-0.011333333333333343,-0.010000000000000009,-0.025000000000000022,0.010000000000000009,0.20924946873516592,11,"[{""replicate"": 1, ""reference"": 0.81, ""other"": 0.81}, {""replicate"": 2, ""reference"": 0.86, ""other"": 0.83}, {""replicate"": 3, ""reference"": 0.8, ""other"": 0.865}, {""replicate"": 4, ""reference"": 0.755, ""other"": 0.725}, {""replicate"": 5, ""reference"": 0.79, ""other"": 0.805}, {""replicate"": 6, ""reference"": 0.78, ""other"": 0.77}, {""replicate"": 7, ""reference"": 0.73, ""other"": 0.735}, {""replicate"": 8, ""reference"": 0.78, ""other"": 0.79}, {""replicate"": 9, ""reference"": 0.775, ""other"": 0.785}, {""replicate"": 10, ""reference"": 0.78, ""other"": 0.76}, {""replicate"": 11, ""reference"": 0.685, ""other"": 0.8}, {""replicate"": 12, ""reference"": 0.75, ""other"": 0.81}, {""replicate"": 13, ""reference"": 0.85, ""other"": 0.865}, {""replicate"": 14, ""reference"": 0.87, ""other"": 0.86}, {""replicate"": 15, ""reference"": 0.75, ""other"": 0.785}, {""replicate"": 16, ""reference"": 0.86, ""other"": 0.78}, {""replicate"": 17, ""reference"": 0.825, ""other"": 0.765}, {""replicate"": 18, ""reference"": 0.825, ""other"": 0.84}, {""replicate"": 19, ""reference"": 0.73, ""other"": 0.815}, {""replicate"": 20, ""reference"": 0.785, ""other"": 0.8}, {""replicate"": 21, ""reference"": 0.84, ""other"": 0.815}, {""replicate"": 22, ""reference"": 0.85, ""other"": 0.79}, {""replicate"": 23, ""reference"": 0.72, ""other"": 0.8}, {""replicate"": 24, ""reference"": 0.725, ""other"": 0.795}, {""replicate"": 25, ""reference"": 0.775, ""other"": 0.805}, {""replicate"": 26, ""reference"": 0.835, ""other"": 0.87}, {""replicate"": 27, ""reference"": 0.775, ""other"": 0.84}, {""replicate"": 28, ""reference"": 0.8, ""other"": 0.8}, {""replicate"": 29, ""reference"": 0.805, ""other"": 0.78}, {""replicate"": 30, ""reference"": 0.82, ""other"": 0.785}]",,,C,False
spiral,test_accuracy,backprop_neat - sel_tournament_k2,sel_tournament_k2,30,-0.0051666666666666606,0.0025000000000000022,-0.03249999999999997,0.02250000000000002,0.7654470393974019,15,"[{""replicate"": 1, ""reference"": 0.81, ""other"": 0.85}, {""replicate"": 2, ""reference"": 0.86, ""other"": 0.775}, {""replicate"": 3, ""reference"": 0.8, ""other"": 0.775}, {""replicate"": 4, ""reference"": 0.755, ""other"": 0.705}, {""replicate"": 5, ""reference"": 0.79, ""other"": 0.805}, {""replicate"": 6, ""reference"": 0.78, ""other"": 0.775}, {""replicate"": 7, ""reference"": 0.73, ""other"": 0.825}, {""replicate"": 8, ""reference"": 0.78, ""other"": 0.83}, {""replicate"": 9, ""reference"": 0.775, ""other"": 0.845}, {""replicate"": 10, ""reference"": 0.78, ""other"": 0.805}, {""replicate"": 11, ""reference"": 0.685, ""other"": 0.83}, {""replicate"": 12, ""reference"": 0.75, ""other"": 0.815}, {""replicate"": 13, ""reference"": 0.85, ""other"": 0.8}, {""replicate"": 14, ""reference"": 0.87, ""other"": 0.765}, {""replicate"": 15, ""reference"": 0.75, ""other"": 0.795}, {""replicate"": 16, ""reference"": 0.86, ""other"": 0.84}, {""replicate"": 17, ""reference"": 0.825, ""other"": 0.845}, {""replicate"": 18, ""reference"": 0.825, ""other"": 0.76}, {""replicate"": 19, ""reference"": 0.73, ""other"": 0.82}, {""replicate"": 20, ""reference"": 0.785, ""other"": 0.78}, {""replicate"": 21, ""reference"": 0.84, ""other"": 0.795}, {""replicate"": 22, ""reference"": 0.85, ""other"": 0.83}, {""replicate"": 23, ""reference"": 0.72, ""other"": 0.645}, {""replicate"": 24, ""reference"": 0.725, ""other"": 0.715}, {""replicate"": 25, ""reference"": 0.775, ""other"": 0.865}, {""replicate"": 26, ""reference"": 0.835, ""other"": 0.835}, {""replicate"": 27, ""reference"": 0.775, ""other"": 0.855}, {""replicate"": 28, ""reference"": 0.8, ""other"": 0.805}, {""replicate"": 29, ""reference"": 0.805, ""other"": 0.745}, {""replicate"": 30, ""reference"": 0.82, ""other"": 0.76}]",,,C,False
spiral,test_accuracy,backprop_neat - sel_tournament_k4,sel_tournament_k4,30,-0.04200000000000001,-0.04749999999999999,-0.05750000000000005,-0.010000000000000009,0.0011107570423158114,7,"[{""replicate"": 1, ""reference"": 0.81, ""other"": 0.795}, {""replicate"": 2, ""reference"": 0.86, ""other"": 0.83}, {""replicate"": 3, ""reference"": 0.8, ""other"": 0.85}, {""replicate"": 4, ""reference"": 0.755, ""other"": 0.8}, {""replicate"": 5, ""reference"": 0.79, ""other"": 0.84}, {""replicate"": 6, ""reference"": 0.78, ""other"": 0.78}, {""replicate"": 7, ""reference"": 0.73, ""other"": 0.785}, {""replicate"": 8, ""reference"": 0.78, ""other"": 0.785}, {""replicate"": 9, ""reference"": 0.775, ""other"": 0.805}, {""replicate"": 10, ""reference"": 0.78, ""other"": 0.9}, {""replicate"": 11, ""reference"": 0.685, ""other"": 0.76}, {""replicate"": 12, ""reference"": 0.75, ""other"": 0.83}, {""replicate"": 13, ""reference"": 0.85, ""other"": 0.805}, {""replicate"": 14, ""reference"": 0.87, ""other"": 0.885}, {""replicate"": 15, ""reference"": 0.75, ""other"": 0.805}, {""replicate"": 16, ""reference"": 0.86, ""other"": 0.92}, {""replicate"": 17, ""reference"": 0.825, ""other"": 0.875}, {""replicate"": 18, ""reference"": 0.825, ""other"": 0.7}, {""replicate"": 19, ""reference"": 0.73, ""other"": 0.895}, {""replicate"": 20, ""reference"": 0.785, ""other"": 0.795}, {""replicate"": 21, ""reference"": 0.84, ""other"": 0.85}, {""replicate"": 22, ""reference"": 0.85, ""other"": 0.83}, {""replicate"": 23, ""reference"": 0.72, ""other"": 0.89}, {""replicate"": 24, ""reference"": 0.725, ""other"": 0.88}, {""replicate"": 25, ""reference"": 0.775, ""other"": 0.845}, {""replicate"": 26, ""reference"": 0.835, ""other"": 0.87}, {""replicate"": 27, ""reference"": 0.775, ""other"": 0.84}, {""replicate"": 28, ""reference"": 0.8, ""other"": 0.79}, {""replicate"": 29, ""reference"": 0.805, ""other"": 0.945}, {""replicate"": 30, ""reference"": 0.82, ""other"": 0.815}]",,,C,False
spiral,test_accuracy,backprop_neat - sel_v1_truncation,sel_v1_truncation,30,-0.018,-0.025000000000000022,-0.04499999999999993,-0.009999999999999953,0.07848859268635808,9,"[{""replicate"": 1, ""reference"": 0.81, ""other"": 0.84}, {""replicate"": 2, ""reference"": 0.86, ""other"": 0.83}, {""replicate"": 3, ""reference"": 0.8, ""other"": 0.73}, {""replicate"": 4, ""reference"": 0.755, ""other"": 0.815}, {""replicate"": 5, ""reference"": 0.79, ""other"": 0.8}, {""replicate"": 6, ""reference"": 0.78, ""other"": 0.805}, {""replicate"": 7, ""reference"": 0.73, ""other"": 0.82}, {""replicate"": 8, ""reference"": 0.78, ""other"": 0.73}, {""replicate"": 9, ""reference"": 0.775, ""other"": 0.84}, {""replicate"": 10, ""reference"": 0.78, ""other"": 0.8}, {""replicate"": 11, ""reference"": 0.685, ""other"": 0.78}, {""replicate"": 12, ""reference"": 0.75, ""other"": 0.76}, {""replicate"": 13, ""reference"": 0.85, ""other"": 0.89}, {""replicate"": 14, ""reference"": 0.87, ""other"": 0.805}, {""replicate"": 15, ""reference"": 0.75, ""other"": 0.765}, {""replicate"": 16, ""reference"": 0.86, ""other"": 0.77}, {""replicate"": 17, ""reference"": 0.825, ""other"": 0.865}, {""replicate"": 18, ""reference"": 0.825, ""other"": 0.855}, {""replicate"": 19, ""reference"": 0.73, ""other"": 0.815}, {""replicate"": 20, ""reference"": 0.785, ""other"": 0.745}, {""replicate"": 21, ""reference"": 0.84, ""other"": 0.8}, {""replicate"": 22, ""reference"": 0.85, ""other"": 0.875}, {""replicate"": 23, ""reference"": 0.72, ""other"": 0.81}, {""replicate"": 24, ""reference"": 0.725, ""other"": 0.795}, {""replicate"": 25, ""reference"": 0.775, ""other"": 0.84}, {""replicate"": 26, ""reference"": 0.835, ""other"": 0.77}, {""replicate"": 27, ""reference"": 0.775, ""other"": 0.855}, {""replicate"": 28, ""reference"": 0.8, ""other"": 0.845}, {""replicate"": 29, ""reference"": 0.805, ""other"": 0.815}, {""replicate"": 30, ""reference"": 0.82, ""other"": 0.81}]",,,C,False
xor,test_accuracy,backprop_neat - sel_roulette_s1.0,sel_roulette_s1.0,30,0.0023333333333333353,0.0,0.0,0.0050000000000000044,0.3095931488962651,13,"[{""replicate"": 1, ""reference"": 1.0, ""other"": 1.0}, {""replicate"": 2, ""reference"": 0.99, ""other"": 1.0}, {""replicate"": 3, ""reference"": 0.96, ""other"": 0.945}, {""replicate"": 4, ""reference"": 1.0, ""other"": 1.0}, {""replicate"": 5, ""reference"": 1.0, ""other"": 1.0}, {""replicate"": 6, ""reference"": 0.985, ""other"": 1.0}, {""replicate"": 7, ""reference"": 1.0, ""other"": 1.0}, {""replicate"": 8, ""reference"": 1.0, ""other"": 1.0}, {""replicate"": 9, ""reference"": 1.0, ""other"": 0.995}, {""replicate"": 10, ""reference"": 1.0, ""other"": 1.0}, {""replicate"": 11, ""reference"": 1.0, ""other"": 0.96}, {""replicate"": 12, ""reference"": 0.99, ""other"": 1.0}, {""replicate"": 13, ""reference"": 1.0, ""other"": 0.995}, {""replicate"": 14, ""reference"": 1.0, ""other"": 1.0}, {""replicate"": 15, ""reference"": 1.0, ""other"": 0.995}, {""replicate"": 16, ""reference"": 0.99, ""other"": 0.995}, {""replicate"": 17, ""reference"": 0.99, ""other"": 1.0}, {""replicate"": 18, ""reference"": 0.99, ""other"": 0.985}, {""replicate"": 19, ""reference"": 1.0, ""other"": 0.995}, {""replicate"": 20, ""reference"": 1.0, ""other"": 0.995}, {""replicate"": 21, ""reference"": 0.98, ""other"": 0.995}, {""replicate"": 22, ""reference"": 1.0, ""other"": 1.0}, {""replicate"": 23, ""reference"": 1.0, ""other"": 1.0}, {""replicate"": 24, ""reference"": 0.995, ""other"": 0.97}, {""replicate"": 25, ""reference"": 1.0, ""other"": 0.995}, {""replicate"": 26, ""reference"": 1.0, ""other"": 1.0}, {""replicate"": 27, ""reference"": 1.0, ""other"": 0.98}, {""replicate"": 28, ""reference"": 0.995, ""other"": 0.985}, {""replicate"": 29, ""reference"": 0.995, ""other"": 0.99}, {""replicate"": 30, ""reference"": 0.985, ""other"": 1.0}]",,,C,False
xor,test_accuracy,backprop_neat - sel_roulette_s0.1,sel_roulette_s0.1,30,0.006500000000000002,0.0,0.0,0.0,0.24036337718434475,9,"[{""replicate"": 1, ""reference"": 1.0, ""other"": 1.0}, {""replicate"": 2, ""reference"": 0.99, ""other"": 0.995}, {""replicate"": 3, ""reference"": 0.96, ""other"": 0.99}, {""replicate"": 4, ""reference"": 1.0, ""other"": 0.995}, {""replicate"": 5, ""reference"": 1.0, ""other"": 1.0}, {""replicate"": 6, ""reference"": 0.985, ""other"": 0.975}, {""replicate"": 7, ""reference"": 1.0, ""other"": 1.0}, {""replicate"": 8, ""reference"": 1.0, ""other"": 1.0}, {""replicate"": 9, ""reference"": 1.0, ""other"": 1.0}, {""replicate"": 10, ""reference"": 1.0, ""other"": 1.0}, {""replicate"": 11, ""reference"": 1.0, ""other"": 1.0}, {""replicate"": 12, ""reference"": 0.99, ""other"": 0.995}, {""replicate"": 13, ""reference"": 1.0, ""other"": 0.98}, {""replicate"": 14, ""reference"": 1.0, ""other"": 1.0}, {""replicate"": 15, ""reference"": 1.0, ""other"": 1.0}, {""replicate"": 16, ""reference"": 0.99, ""other"": 0.875}, {""replicate"": 17, ""reference"": 0.99, ""other"": 0.965}, {""replicate"": 18, ""reference"": 0.99, ""other"": 0.98}, {""replicate"": 19, ""reference"": 1.0, ""other"": 0.95}, {""replicate"": 20, ""reference"": 1.0, ""other"": 1.0}, {""replicate"": 21, ""reference"": 0.98, ""other"": 0.99}, {""replicate"": 22, ""reference"": 1.0, ""other"": 1.0}, {""replicate"": 23, ""reference"": 1.0, ""other"": 1.0}, {""replicate"": 24, ""reference"": 0.995, ""other"": 0.995}, {""replicate"": 25, ""reference"": 1.0, ""other"": 0.995}, {""replicate"": 26, ""reference"": 1.0, ""other"": 1.0}, {""replicate"": 27, ""reference"": 1.0, ""other"": 0.99}, {""replicate"": 28, ""reference"": 0.995, ""other"": 1.0}, {""replicate"": 29, ""reference"": 0.995, ""other"": 0.995}, {""replicate"": 30, ""reference"": 0.985, ""other"": 0.985}]",,,C,False
xor,test_accuracy,backprop_neat - sel_roulette_s0.001,sel_roulette_s0.001,30,0.002666666666666669,0.0,0.0,0.0050000000000000044,0.12088398755421552,12,"[{""replicate"": 1, ""reference"": 1.0, ""other"": 1.0}, {""replicate"": 2, ""reference"": 0.99, ""other"": 0.985}, {""replicate"": 3, ""reference"": 0.96, ""other"": 1.0}, {""replicate"": 4, ""reference"": 1.0, ""other"": 1.0}, {""replicate"": 5, ""reference"": 1.0, ""other"": 0.98}, {""replicate"": 6, ""reference"": 0.985, ""other"": 1.0}, {""replicate"": 7, ""reference"": 1.0, ""other"": 0.96}, {""replicate"": 8, ""reference"": 1.0, ""other"": 1.0}, {""replicate"": 9, ""reference"": 1.0, ""other"": 0.995}, {""replicate"": 10, ""reference"": 1.0, ""other"": 0.995}, {""replicate"": 11, ""reference"": 1.0, ""other"": 1.0}, {""replicate"": 12, ""reference"": 0.99, ""other"": 0.97}, {""replicate"": 13, ""reference"": 1.0, ""other"": 1.0}, {""replicate"": 14, ""reference"": 1.0, ""other"": 1.0}, {""replicate"": 15, ""reference"": 1.0, ""other"": 1.0}, {""replicate"": 16, ""reference"": 0.99, ""other"": 0.99}, {""replicate"": 17, ""reference"": 0.99, ""other"": 1.0}, {""replicate"": 18, ""reference"": 0.99, ""other"": 0.99}, {""replicate"": 19, ""reference"": 1.0, ""other"": 0.99}, {""replicate"": 20, ""reference"": 1.0, ""other"": 0.995}, {""replicate"": 21, ""reference"": 0.98, ""other"": 0.985}, {""replicate"": 22, ""reference"": 1.0, ""other"": 1.0}, {""replicate"": 23, ""reference"": 1.0, ""other"": 1.0}, {""replicate"": 24, ""reference"": 0.995, ""other"": 1.0}, {""replicate"": 25, ""reference"": 1.0, ""other"": 0.995}, {""replicate"": 26, ""reference"": 1.0, ""other"": 1.0}, {""replicate"": 27, ""reference"": 1.0, ""other"": 1.0}, {""replicate"": 28, ""reference"": 0.995, ""other"": 0.985}, {""replicate"": 29, ""reference"": 0.995, ""other"": 0.99}, {""replicate"": 30, ""reference"": 0.985, ""other"": 0.96}]",,,C,False
xor,test_accuracy,backprop_neat - sel_tournament_k2,sel_tournament_k2,30,0.0036666666666666627,0.0,0.0,0.0050000000000000044,0.8521264410105788,12,"[{""replicate"": 1, ""reference"": 1.0, ""other"": 1.0}, {""replicate"": 2, ""reference"": 0.99, ""other"": 0.985}, {""replicate"": 3, ""reference"": 0.96, ""other"": 1.0}, {""replicate"": 4, ""reference"": 1.0, ""other"": 1.0}, {""replicate"": 5, ""reference"": 1.0, ""other"": 0.99}, {""replicate"": 6, ""reference"": 0.985, ""other"": 1.0}, {""replicate"": 7, ""reference"": 1.0, ""other"": 1.0}, {""replicate"": 8, ""reference"": 1.0, ""other"": 0.99}, {""replicate"": 9, ""reference"": 1.0, ""other"": 0.995}, {""replicate"": 10, ""reference"": 1.0, ""other"": 1.0}, {""replicate"": 11, ""reference"": 1.0, ""other"": 1.0}, {""replicate"": 12, ""reference"": 0.99, ""other"": 1.0}, {""replicate"": 13, ""reference"": 1.0, ""other"": 0.995}, {""replicate"": 14, ""reference"": 1.0, ""other"": 0.99}, {""replicate"": 15, ""reference"": 1.0, ""other"": 0.99}, {""replicate"": 16, ""reference"": 0.99, ""other"": 1.0}, {""replicate"": 17, ""reference"": 0.99, ""other"": 1.0}, {""replicate"": 18, ""reference"": 0.99, ""other"": 1.0}, {""replicate"": 19, ""reference"": 1.0, ""other"": 0.995}, {""replicate"": 20, ""reference"": 1.0, ""other"": 0.995}, {""replicate"": 21, ""reference"": 0.98, ""other"": 1.0}, {""replicate"": 22, ""reference"": 1.0, ""other"": 1.0}, {""replicate"": 23, ""reference"": 1.0, ""other"": 1.0}, {""replicate"": 24, ""reference"": 0.995, ""other"": 1.0}, {""replicate"": 25, ""reference"": 1.0, ""other"": 0.895}, {""replicate"": 26, ""reference"": 1.0, ""other"": 1.0}, {""replicate"": 27, ""reference"": 1.0, ""other"": 0.93}, {""replicate"": 28, ""reference"": 0.995, ""other"": 0.995}, {""replicate"": 29, ""reference"": 0.995, ""other"": 0.99}, {""replicate"": 30, ""reference"": 0.985, ""other"": 1.0}]",,,C,False
xor,test_accuracy,backprop_neat - sel_tournament_k4,sel_tournament_k4,30,0.005166666666666671,0.0025000000000000022,0.0,0.010000000000000009,0.0395681417005435,15,"[{""replicate"": 1, ""reference"": 1.0, ""other"": 1.0}, {""replicate"": 2, ""reference"": 0.99, ""other"": 0.97}, {""replicate"": 3, ""reference"": 0.96, ""other"": 0.99}, {""replicate"": 4, ""reference"": 1.0, ""other"": 0.97}, {""replicate"": 5, ""reference"": 1.0, ""other"": 1.0}, {""replicate"": 6, ""reference"": 0.985, ""other"": 1.0}, {""replicate"": 7, ""reference"": 1.0, ""other"": 0.99}, {""replicate"": 8, ""reference"": 1.0, ""other"": 1.0}, {""replicate"": 9, ""reference"": 1.0, ""other"": 0.965}, {""replicate"": 10, ""reference"": 1.0, ""other"": 1.0}, {""replicate"": 11, ""reference"": 1.0, ""other"": 0.985}, {""replicate"": 12, ""reference"": 0.99, ""other"": 0.98}, {""replicate"": 13, ""reference"": 1.0, ""other"": 1.0}, {""replicate"": 14, ""reference"": 1.0, ""other"": 1.0}, {""replicate"": 15, ""reference"": 1.0, ""other"": 0.99}, {""replicate"": 16, ""reference"": 0.99, ""other"": 0.985}, {""replicate"": 17, ""reference"": 0.99, ""other"": 1.0}, {""replicate"": 18, ""reference"": 0.99, ""other"": 0.99}, {""replicate"": 19, ""reference"": 1.0, ""other"": 0.995}, {""replicate"": 20, ""reference"": 1.0, ""other"": 0.99}, {""replicate"": 21, ""reference"": 0.98, ""other"": 1.0}, {""replicate"": 22, ""reference"": 1.0, ""other"": 1.0}, {""replicate"": 23, ""reference"": 1.0, ""other"": 0.96}, {""replicate"": 24, ""reference"": 0.995, ""other"": 1.0}, {""replicate"": 25, ""reference"": 1.0, ""other"": 0.995}, {""replicate"": 26, ""reference"": 1.0, ""other"": 0.98}, {""replicate"": 27, ""reference"": 1.0, ""other"": 0.985}, {""replicate"": 28, ""reference"": 0.995, ""other"": 0.995}, {""replicate"": 29, ""reference"": 0.995, ""other"": 0.99}, {""replicate"": 30, ""reference"": 0.985, ""other"": 0.985}]",,,C,False
xor,test_accuracy,backprop_neat - sel_v1_truncation,sel_v1_truncation,30,0.010833333333333335,0.0,0.0,0.0050000000000000044,0.1254177156378267,13,"[{""replicate"": 1, ""reference"": 1.0, ""other"": 1.0}, {""replicate"": 2, ""reference"": 0.99, ""other"": 0.96}, {""replicate"": 3, ""reference"": 0.96, ""other"": 0.985}, {""replicate"": 4, ""reference"": 1.0, ""other"": 1.0}, {""replicate"": 5, ""reference"": 1.0, ""other"": 1.0}, {""replicate"": 6, ""reference"": 0.985, ""other"": 0.985}, {""replicate"": 7, ""reference"": 1.0, ""other"": 0.965}, {""replicate"": 8, ""reference"": 1.0, ""other"": 0.97}, {""replicate"": 9, ""reference"": 1.0, ""other"": 0.99}, {""replicate"": 10, ""reference"": 1.0, ""other"": 1.0}, {""replicate"": 11, ""reference"": 1.0, ""other"": 1.0}, {""replicate"": 12, ""reference"": 0.99, ""other"": 1.0}, {""replicate"": 13, ""reference"": 1.0, ""other"": 0.995}, {""replicate"": 14, ""reference"": 1.0, ""other"": 0.995}, {""replicate"": 15, ""reference"": 1.0, ""other"": 1.0}, {""replicate"": 16, ""reference"": 0.99, ""other"": 0.965}, {""replicate"": 17, ""reference"": 0.99, ""other"": 1.0}, {""replicate"": 18, ""reference"": 0.99, ""other"": 0.99}, {""replicate"": 19, ""reference"": 1.0, ""other"": 0.985}, {""replicate"": 20, ""reference"": 1.0, ""other"": 0.805}, {""replicate"": 21, ""reference"": 0.98, ""other"": 1.0}, {""replicate"": 22, ""reference"": 1.0, ""other"": 0.995}, {""replicate"": 23, ""reference"": 1.0, ""other"": 1.0}, {""replicate"": 24, ""reference"": 0.995, ""other"": 1.0}, {""replicate"": 25, ""reference"": 1.0, ""other"": 0.96}, {""replicate"": 26, ""reference"": 1.0, ""other"": 0.995}, {""replicate"": 27, ""reference"": 1.0, ""other"": 1.0}, {""replicate"": 28, ""reference"": 0.995, ""other"": 1.0}, {""replicate"": 29, ""reference"": 0.995, ""other"": 0.99}, {""replicate"": 30, ""reference"": 0.985, ""other"": 0.99}]",,,C,False
circle,test_accuracy,backprop_neat - baldwinian,baldwinian,30,0.4181666666666667,0.46499999999999997,0.3975,0.485,1.7180929312456739e-06,30,"[{""replicate"": 1, ""reference"": 1.0, ""other"": 0.615}, {""replicate"": 2, ""reference"": 0.98, ""other"": 0.485}, {""replicate"": 3, ""reference"": 1.0, ""other"": 0.515}, {""replicate"": 4, ""reference"": 0.97, ""other"": 0.5}, {""replicate"": 5, ""reference"": 0.985, ""other"": 0.74}, {""replicate"": 6, ""reference"": 0.99, ""other"": 0.46}, {""replicate"": 7, ""reference"": 0.985, ""other"": 0.5}, {""replicate"": 8, ""reference"": 0.99, ""other"": 0.535}, {""replicate"": 9, ""reference"": 0.985, ""other"": 0.825}, {""replicate"": 10, ""reference"": 0.99, ""other"": 0.5}, {""replicate"": 11, ""reference"": 1.0, ""other"": 0.59}, {""replicate"": 12, ""reference"": 0.985, ""other"": 0.5}, {""replicate"": 13, ""reference"": 0.985, ""other"": 0.775}, {""replicate"": 14, ""reference"": 0.995, ""other"": 0.725}, {""replicate"": 15, ""reference"": 0.97, ""other"": 0.5}, {""replicate"": 16, ""reference"": 0.985, ""other"": 0.64}, {""replicate"": 17, ""reference"": 0.99, ""other"": 0.5}, {""replicate"": 18, ""reference"": 0.97, ""other"": 0.51}, {""replicate"": 19, ""reference"": 0.995, ""other"": 0.505}, {""replicate"": 20, ""reference"": 0.995, ""other"": 0.26}, {""replicate"": 21, ""reference"": 1.0, ""other"": 0.5}, {""replicate"": 22, ""reference"": 1.0, ""other"": 0.63}, {""replicate"": 23, ""reference"": 0.985, ""other"": 0.57}, {""replicate"": 24, ""reference"": 0.985, ""other"": 0.78}, {""replicate"": 25, ""reference"": 0.96, ""other"": 0.705}, {""replicate"": 26, ""reference"": 0.98, ""other"": 0.59}, {""replicate"": 27, ""reference"": 0.98, ""other"": 0.5}, {""replicate"": 28, ""reference"": 0.985, ""other"": 0.5}, {""replicate"": 29, ""reference"": 0.97, ""other"": 0.565}, {""replicate"": 30, ""reference"": 0.975, ""other"": 0.5}]",,,D,False
spiral,test_accuracy,backprop_neat - baldwinian,baldwinian,30,0.2588333333333333,0.2525,0.20499999999999996,0.30500000000000005,1.732216233144114e-06,30,"[{""replicate"": 1, ""reference"": 0.81, ""other"": 0.6}, {""replicate"": 2, ""reference"": 0.86, ""other"": 0.405}, {""replicate"": 3, ""reference"": 0.8, ""other"": 0.55}, {""replicate"": 4, ""reference"": 0.755, ""other"": 0.45}, {""replicate"": 5, ""reference"": 0.79, ""other"": 0.61}, {""replicate"": 6, ""reference"": 0.78, ""other"": 0.6}, {""replicate"": 7, ""reference"": 0.73, ""other"": 0.52}, {""replicate"": 8, ""reference"": 0.78, ""other"": 0.555}, {""replicate"": 9, ""reference"": 0.775, ""other"": 0.5}, {""replicate"": 10, ""reference"": 0.78, ""other"": 0.595}, {""replicate"": 11, ""reference"": 0.685, ""other"": 0.56}, {""replicate"": 12, ""reference"": 0.75, ""other"": 0.42}, {""replicate"": 13, ""reference"": 0.85, ""other"": 0.485}, {""replicate"": 14, ""reference"": 0.87, ""other"": 0.565}, {""replicate"": 15, ""reference"": 0.75, ""other"": 0.55}, {""replicate"": 16, ""reference"": 0.86, ""other"": 0.535}, {""replicate"": 17, ""reference"": 0.825, ""other"": 0.465}, {""replicate"": 18, ""reference"": 0.825, ""other"": 0.515}, {""replicate"": 19, ""reference"": 0.73, ""other"": 0.56}, {""replicate"": 20, ""reference"": 0.785, ""other"": 0.335}, {""replicate"": 21, ""reference"": 0.84, ""other"": 0.575}, {""replicate"": 22, ""reference"": 0.85, ""other"": 0.535}, {""replicate"": 23, ""reference"": 0.72, ""other"": 0.505}, {""replicate"": 24, ""reference"": 0.725, ""other"": 0.535}, {""replicate"": 25, ""reference"": 0.775, ""other"": 0.62}, {""replicate"": 26, ""reference"": 0.835, ""other"": 0.645}, {""replicate"": 27, ""reference"": 0.775, ""other"": 0.6}, {""replicate"": 28, ""reference"": 0.8, ""other"": 0.47}, {""replicate"": 29, ""reference"": 0.805, ""other"": 0.545}, {""replicate"": 30, ""reference"": 0.82, ""other"": 0.565}]",,,D,False
xor,test_accuracy,backprop_neat - baldwinian,baldwinian,30,0.26899999999999996,0.22499999999999998,0.057499999999999996,0.47,2.013741783302269e-06,28,"[{""replicate"": 1, ""reference"": 1.0, ""other"": 0.53}, {""replicate"": 2, ""reference"": 0.99, ""other"": 0.52}, {""replicate"": 3, ""reference"": 0.96, ""other"": 0.54}, {""replicate"": 4, ""reference"": 1.0, ""other"": 0.43}, {""replicate"": 5, ""reference"": 1.0, ""other"": 0.51}, {""replicate"": 6, ""reference"": 0.985, ""other"": 0.48}, {""replicate"": 7, ""reference"": 1.0, ""other"": 0.89}, {""replicate"": 8, ""reference"": 1.0, ""other"": 0.945}, {""replicate"": 9, ""reference"": 1.0, ""other"": 0.975}, {""replicate"": 10, ""reference"": 1.0, ""other"": 0.99}, {""replicate"": 11, ""reference"": 1.0, ""other"": 0.505}, {""replicate"": 12, ""reference"": 0.99, ""other"": 0.565}, {""replicate"": 13, ""reference"": 1.0, ""other"": 0.555}, {""replicate"": 14, ""reference"": 1.0, ""other"": 0.47}, {""replicate"": 15, ""reference"": 1.0, ""other"": 0.385}, {""replicate"": 16, ""reference"": 0.99, ""other"": 0.89}, {""replicate"": 17, ""reference"": 0.99, ""other"": 0.95}, {""replicate"": 18, ""reference"": 0.99, ""other"": 0.965}, {""replicate"": 19, ""reference"": 1.0, ""other"": 0.975}, {""replicate"": 20, ""reference"": 1.0, ""other"": 0.98}, {""replicate"": 21, ""reference"": 0.98, ""other"": 0.92}, {""replicate"": 22, ""reference"": 1.0, ""other"": 0.49}, {""replicate"": 23, ""reference"": 1.0, ""other"": 1.0}, {""replicate"": 24, ""reference"": 0.995, ""other"": 0.96}, {""replicate"": 25, ""reference"": 1.0, ""other"": 0.67}, {""replicate"": 26, ""reference"": 1.0, ""other"": 0.905}, {""replicate"": 27, ""reference"": 1.0, ""other"": 0.405}, {""replicate"": 28, ""reference"": 0.995, ""other"": 0.515}, {""replicate"": 29, ""reference"": 0.995, ""other"": 0.875}, {""replicate"": 30, ""reference"": 0.985, ""other"": 0.985}]",,,D,False
