task,metric,comparison,reference,condition,n_pairs,mean_difference,median_difference,ci95_low,ci95_high,wilcoxon_p,wins,per_replicate,holm_p,holm_significant,family,family_size,blocks
xor,test_accuracy,bpneat - cgp,bpneat,cgp,30,0.0010000000000000083,0.0050000000000000044,0.0,0.010000000000000009,0.0708137940085236,16,"[{""replicate"": 1, ""reference"": 0.99, ""other"": 0.98}, {""replicate"": 2, ""reference"": 1.0, ""other"": 0.99}, {""replicate"": 3, ""reference"": 0.99, ""other"": 0.99}, {""replicate"": 4, ""reference"": 1.0, ""other"": 0.995}, {""replicate"": 5, ""reference"": 1.0, ""other"": 1.0}, {""replicate"": 6, ""reference"": 1.0, ""other"": 0.995}, {""replicate"": 7, ""reference"": 0.995, ""other"": 1.0}, {""replicate"": 8, ""reference"": 1.0, ""other"": 0.98}, {""replicate"": 9, ""reference"": 1.0, ""other"": 0.99}, {""replicate"": 10, ""reference"": 0.91, ""other"": 0.995}, {""replicate"": 11, ""reference"": 0.99, ""other"": 0.975}, {""replicate"": 12, ""reference"": 1.0, ""other"": 1.0}, {""replicate"": 13, ""reference"": 0.995, ""other"": 0.995}, {""replicate"": 14, ""reference"": 0.99, ""other"": 0.97}, {""replicate"": 15, ""reference"": 1.0, ""other"": 0.995}, {""replicate"": 16, ""reference"": 1.0, ""other"": 0.995}, {""replicate"": 17, ""reference"": 0.95, ""other"": 0.995}, {""replicate"": 18, ""reference"": 1.0, ""other"": 0.975}, {""replicate"": 19, ""reference"": 1.0, ""other"": 1.0}, {""replicate"": 20, ""reference"": 0.98, ""other"": 0.99}, {""replicate"": 21, ""reference"": 1.0, ""other"": 0.985}, {""replicate"": 22, ""reference"": 0.935, ""other"": 0.98}, {""replicate"": 23, ""reference"": 1.0, ""other"": 0.99}, {""replicate"": 24, ""reference"": 1.0, ""other"": 1.0}, {""replicate"": 25, ""reference"": 1.0, ""other"": 1.0}, {""replicate"": 26, ""reference"": 1.0, ""other"": 0.985}, {""replicate"": 27, ""reference"": 1.0, ""other"": 1.0}, {""replicate"": 28, ""reference"": 1.0, ""other"": 0.975}, {""replicate"": 29, ""reference"": 0.985, ""other"": 0.99}, {""replicate"": 30, ""reference"": 1.0, ""other"": 0.97}]",0.5665103520681888,False,bpneat,35,G
xor,test_accuracy,bpneat - fixed_tanh_ha,bpneat,fixed_tanh_ha,30,0.007333333333333347,0.012500000000000011,0.0050000000000000044,0.017500000000000016,0.014117469439706104,23,"[{""replicate"": 1, ""reference"": 0.99, ""other"": 1.0}, {""replicate"": 2, ""reference"": 1.0, ""other"": 0.985}, {""replicate"": 3, ""reference"": 0.99, ""other"": 0.98}, {""replicate"": 4, ""reference"": 1.0, ""other"": 0.975}, {""replicate"": 5, ""reference"": 1.0, ""other"": 0.995}, {""replicate"": 6, ""reference"": 1.0, ""other"": 0.99}, {""replicate"": 7, ""reference"": 0.995, ""other"": 0.975}, {""replicate"": 8, ""reference"": 1.0, ""other"": 0.98}, {""replicate"": 9, ""reference"": 1.0, ""other"": 1.0}, {""replicate"": 10, ""reference"": 0.91, ""other"": 0.97}, {""replicate"": 11, ""reference"": 0.99, ""other"": 0.975}, {""replicate"": 12, ""reference"": 1.0, ""other"": 0.995}, {""replicate"": 13, ""reference"": 0.995, ""other"": 1.0}, {""replicate"": 14, ""reference"": 0.99, ""other"": 0.985}, {""replicate"": 15, ""reference"": 1.0, ""other"": 0.995}, {""replicate"": 16, ""reference"": 1.0, ""other"": 0.97}, {""replicate"": 17, ""reference"": 0.95, ""other"": 0.99}, {""replicate"": 18, ""reference"": 1.0, ""other"": 0.955}, {""replicate"": 19, ""reference"": 1.0, ""other"": 0.985}, {""replicate"": 20, ""reference"": 0.98, ""other"": 0.96}, {""replicate"": 21, ""reference"": 1.0, ""other"": 0.98}, {""replicate"": 22, ""reference"": 0.935, ""other"": 0.98}, {""replicate"": 23, ""reference"": 1.0, ""other"": 0.985}, {""replicate"": 24, ""reference"": 1.0, ""other"": 0.995}, {""replicate"": 25, ""reference"": 1.0, ""other"": 0.99}, {""replicate"": 26, ""reference"": 1.0, ""other"": 0.985}, {""replicate"": 27, ""reference"": 1.0, ""other"": 0.98}, {""replicate"": 28, ""reference"": 1.0, ""other"": 0.96}, {""replicate"": 29, ""reference"": 0.985, ""other"": 1.0}, {""replicate"": 30, ""reference"": 1.0, ""other"": 0.975}]",0.2541144499147099,False,bpneat,35,E
xor,test_accuracy,bpneat - fixed_tanh_matched_bpneat,bpneat,fixed_tanh_matched_bpneat,30,0.003833333333333344,0.007500000000000007,0.0,0.015000000000000013,0.02653685435977355,19,"[{""replicate"": 1, ""reference"": 0.99, ""other"": 0.995}, {""replicate"": 2, ""reference"": 1.0, ""other"": 0.985}, {""replicate"": 3, ""reference"": 0.99, ""other"": 0.995}, {""replicate"": 4, ""reference"": 1.0, ""other"": 0.985}, {""replicate"": 5, ""reference"": 1.0, ""other"": 0.985}, {""replicate"": 6, ""reference"": 1.0, ""other"": 0.975}, {""replicate"": 7, ""reference"": 0.995, ""other"": 0.995}, {""replicate"": 8, ""reference"": 1.0, ""other"": 1.0}, {""replicate"": 9, ""reference"": 1.0, ""other"": 0.995}, {""replicate"": 10, ""reference"": 0.91, ""other"": 0.975}, {""replicate"": 11, ""reference"": 0.99, ""other"": 0.97}, {""replicate"": 12, ""reference"": 1.0, ""other"": 1.0}, {""replicate"": 13, ""reference"": 0.995, ""other"": 0.99}, {""replicate"": 14, ""reference"": 0.99, ""other"": 0.98}, {""replicate"": 15, ""reference"": 1.0, ""other"": 0.96}, {""replicate"": 16, ""reference"": 1.0, ""other"": 0.985}, {""replicate"": 17, ""reference"": 0.95, ""other"": 0.995}, {""replicate"": 18, ""reference"": 1.0, ""other"": 0.965}, {""replicate"": 19, ""reference"": 1.0, ""other"": 0.975}, {""replicate"": 20, ""reference"": 0.98, ""other"": 0.99}, {""replicate"": 21, ""reference"": 1.0, ""other"": 0.985}, {""replicate"": 22, ""reference"": 0.935, ""other"": 0.99}, {""replicate"": 23, ""reference"": 1.0, ""other"": 0.99}, {""replicate"": 24, ""reference"": 1.0, ""other"": 0.995}, {""replicate"": 25, ""reference"": 1.0, ""other"": 0.995}, {""replicate"": 26, ""reference"": 1.0, ""other"": 0.99}, {""replicate"": 27, ""reference"": 1.0, ""other"": 0.985}, {""replicate"": 28, ""reference"": 1.0, ""other"": 1.0}, {""replicate"": 29, ""reference"": 0.985, ""other"": 0.985}, {""replicate"": 30, ""reference"": 1.0, ""other"": 0.985}]",0.27570223775429026,False,bpneat,35,E
xor,test_accuracy,bpneat - fixed_mixed_matched_bpneat,bpneat,fixed_mixed_matched_bpneat,30,0.013166666666666686,0.015000000000000013,0.010000000000000009,0.020000000000000018,0.0020489230829000412,26,"[{""replicate"": 1, ""reference"": 0.99, ""other"": 0.995}, {""replicate"": 2, ""reference"": 1.0, ""other"": 0.97}, {""replicate"": 3, ""reference"": 0.99, ""other"": 0.98}, {""replicate"": 4, ""reference"": 1.0, ""other"": 0.945}, {""replicate"": 5, ""reference"": 1.0, ""other"": 0.99}, {""replicate"": 6, ""reference"": 1.0, ""other"": 0.97}, {""replicate"": 7, ""reference"": 0.995, ""other"": 0.985}, {""replicate"": 8, ""reference"": 1.0, ""other"": 0.98}, {""replicate"": 9, ""reference"": 1.0, ""other"": 0.985}, {""replicate"": 10, ""reference"": 0.91, ""other"": 0.965}, {""replicate"": 11, ""reference"": 0.99, ""other"": 0.955}, {""replicate"": 12, ""reference"": 1.0, ""other"": 0.99}, {""replicate"": 13, ""reference"": 0.995, ""other"": 0.99}, {""replicate"": 14, ""reference"": 0.99, ""other"": 0.98}, {""replicate"": 15, ""reference"": 1.0, ""other"": 0.98}, {""replicate"": 16, ""reference"": 1.0, ""other"": 0.98}, {""replicate"": 17, ""reference"": 0.95, ""other"": 0.985}, {""replicate"": 18, ""reference"": 1.0, ""other"": 0.96}, {""replicate"": 19, ""reference"": 1.0, ""other"": 0.96}, {""replicate"": 20, ""reference"": 0.98, ""other"": 0.965}, {""replicate"": 21, ""reference"": 1.0, ""other"": 0.965}, {""replicate"": 22, ""reference"": 0.935, ""other"": 0.98}, {""replicate"": 23, ""reference"": 1.0, ""other"": 0.99}, {""replicate"": 24, ""reference"": 1.0, ""other"": 0.99}, {""replicate"": 25, ""reference"": 1.0, ""other"": 0.97}, {""replicate"": 26, ""reference"": 1.0, ""other"": 0.985}, {""replicate"": 27, ""reference"": 1.0, ""other"": 0.985}, {""replicate"": 28, ""reference"": 1.0, ""other"": 0.98}, {""replicate"": 29, ""reference"": 0.985, ""other"": 0.98}, {""replicate"": 30, ""reference"": 1.0, ""other"": 0.98}]",0.04917415398960099,True,bpneat,35,E
xor,test_accuracy,bpneat - fixed_tanh_matched_cgp,bpneat,fixed_tanh_matched_cgp,30,0.004666666666666678,0.010000000000000009,0.0050000000000000044,0.015000000000000013,0.014841309728037592,21,"[{""replicate"": 1, ""reference"": 0.99, ""other"": 0.995}, {""replicate"": 2, ""reference"": 1.0, ""other"": 0.995}, {""replicate"": 3, ""reference"": 0.99, ""other"": 0.995}, {""replicate"": 4, ""reference"": 1.0, ""other"": 0.98}, {""replicate"": 5, ""reference"": 1.0, ""other"": 0.99}, {""replicate"": 6, ""reference"": 1.0, ""other"": 0.985}, {""replicate"": 7, ""reference"": 0.995, ""other"": 0.995}, {""replicate"": 8, ""reference"": 1.0, ""other"": 0.985}, {""replicate"": 9, ""reference"": 1.0, ""other"": 0.995}, {""replicate"": 10, ""reference"": 0.91, ""other"": 0.97}, {""replicate"": 11, ""reference"": 0.99, ""other"": 0.97}, {""replicate"": 12, ""reference"": 1.0, ""other"": 1.0}, {""replicate"": 13, ""reference"": 0.995, ""other"": 0.99}, {""replicate"": 14, ""reference"": 0.99, ""other"": 0.975}, {""replicate"": 15, ""reference"": 1.0, ""other"": 0.995}, {""replicate"": 16, ""reference"": 1.0, ""other"": 0.97}, {""replicate"": 17, ""reference"": 0.95, ""other"": 1.0}, {""replicate"": 18, ""reference"": 1.0, ""other"": 0.965}, {""replicate"": 19, ""reference"": 1.0, ""other"": 0.975}, {""replicate"": 20, ""reference"": 0.98, ""other"": 0.985}, {""replicate"": 21, ""reference"": 1.0, ""other"": 0.965}, {""replicate"": 22, ""reference"": 0.935, ""other"": 0.985}, {""replicate"": 23, ""reference"": 1.0, ""other"": 0.99}, {""replicate"": 24, ""reference"": 1.0, ""other"": 0.99}, {""replicate"": 25, ""reference"": 1.0, ""other"": 0.99}, {""replicate"": 26, ""reference"": 1.0, ""other"": 0.99}, {""replicate"": 27, ""reference"": 1.0, ""other"": 0.985}, {""replicate"": 28, ""reference"": 1.0, ""other"": 0.99}, {""replicate"": 29, ""reference"": 0.985, ""other"": 0.99}, {""replicate"": 30, ""reference"": 1.0, ""other"": 0.985}]",0.2541144499147099,False,bpneat,35,
xor,test_accuracy,bpneat - fixed_mixed_matched_cgp,bpneat,fixed_mixed_matched_cgp,30,0.012000000000000018,0.017500000000000016,0.010000000000000009,0.025000000000000022,0.0037723114222700835,25,"[{""replicate"": 1, ""reference"": 0.99, ""other"": 0.995}, {""replicate"": 2, ""reference"": 1.0, ""other"": 0.975}, {""replicate"": 3, ""reference"": 0.99, ""other"": 0.98}, {""replicate"": 4, ""reference"": 1.0, ""other"": 0.97}, {""replicate"": 5, ""reference"": 1.0, ""other"": 0.98}, {""replicate"": 6, ""reference"": 1.0, ""other"": 0.975}, {""replicate"": 7, ""reference"": 0.995, ""other"": 0.99}, {""replicate"": 8, ""reference"": 1.0, ""other"": 0.975}, {""replicate"": 9, ""reference"": 1.0, ""other"": 0.99}, {""replicate"": 10, ""reference"": 0.91, ""other"": 0.975}, {""replicate"": 11, ""reference"": 0.99, ""other"": 0.96}, {""replicate"": 12, ""reference"": 1.0, ""other"": 0.995}, {""replicate"": 13, ""reference"": 0.995, ""other"": 0.985}, {""replicate"": 14, ""reference"": 0.99, ""other"": 0.975}, {""replicate"": 15, ""reference"": 1.0, ""other"": 0.98}, {""replicate"": 16, ""reference"": 1.0, ""other"": 0.975}, {""replicate"": 17, ""reference"": 0.95, ""other"": 0.985}, {""replicate"": 18, ""reference"": 1.0, ""other"": 0.96}, {""replicate"": 19, ""reference"": 1.0, ""other"": 0.96}, {""replicate"": 20, ""reference"": 0.98, ""other"": 0.99}, {""replicate"": 21, ""reference"": 1.0, ""other"": 0.945}, {""replicate"": 22, ""reference"": 0.935, ""other"": 0.975}, {""replicate"": 23, ""reference"": 1.0, ""other"": 0.99}, {""replicate"": 24, ""reference"": 1.0, ""other"": 0.985}, {""replicate"": 25, ""reference"": 1.0, ""other"": 0.975}, {""replicate"": 26, ""reference"": 1.0, ""other"": 0.995}, {""replicate"": 27, ""reference"": 1.0, ""other"": 0.975}, {""replicate"": 28, ""reference"": 1.0, ""other"": 0.98}, {""replicate"": 29, ""reference"": 0.985, ""other"": 0.98}, {""replicate"": 30, ""reference"": 1.0, ""other"": 0.98}]",0.0781195686028562,False,bpneat,35,
xor,test_accuracy,bpneat - cgp_random_matched,bpneat,cgp_random_matched,30,0.0015000000000000087,0.0050000000000000044,0.0,0.010000000000000009,0.02270902388167983,18,"[{""replicate"": 1, ""reference"": 0.99, ""other"": 0.99}, {""replicate"": 2, ""reference"": 1.0, ""other"": 0.99}, {""replicate"": 3, ""reference"": 0.99, ""other"": 0.985}, {""replicate"": 4, ""reference"": 1.0, ""other"": 0.99}, {""replicate"": 5, ""reference"": 1.0, ""other"": 0.99}, {""replicate"": 6, ""reference"": 1.0, ""other"": 0.98}, {""replicate"": 7, ""reference"": 0.995, ""other"": 0.995}, {""replicate"": 8, ""reference"": 1.0, ""other"": 0.985}, {""replicate"": 9, ""reference"": 1.0, ""other"": 1.0}, {""replicate"": 10, ""reference"": 0.91, ""other"": 0.98}, {""replicate"": 11, ""reference"": 0.99, ""other"": 0.975}, {""replicate"": 12, ""reference"": 1.0, ""other"": 1.0}, {""replicate"": 13, ""reference"": 0.995, ""other"": 0.995}, {""replicate"": 14, ""reference"": 0.99, ""other"": 1.0}, {""replicate"": 15, ""reference"": 1.0, ""other"": 0.995}, {""replicate"": 16, ""reference"": 1.0, ""other"": 0.98}, {""replicate"": 17, ""reference"": 0.95, ""other"": 0.99}, {""replicate"": 18, ""reference"": 1.0, ""other"": 0.965}, {""replicate"": 19, ""reference"": 1.0, ""other"": 1.0}, {""replicate"": 20, ""reference"": 0.98, ""other"": 0.98}, {""replicate"": 21, ""reference"": 1.0, ""other"": 0.99}, {""replicate"": 22, ""reference"": 0.935, ""other"": 0.985}, {""replicate"": 23, ""reference"": 1.0, ""other"": 0.99}, {""replicate"": 24, ""reference"": 1.0, ""other"": 0.99}, {""replicate"": 25, ""reference"": 1.0, ""other"": 0.995}, {""replicate"": 26, ""reference"": 1.0, ""other"": 0.99}, {""replicate"": 27, ""reference"": 1.0, ""other"": 0.99}, {""replicate"": 28, ""reference"": 1.0, ""other"": 0.995}, {""replicate"": 29, ""reference"": 0.985, ""other"": 0.985}, {""replicate"": 30, ""reference"": 1.0, ""other"": 0.99}]",0.27570223775429026,False,bpneat,35,
circle,test_accuracy,bpneat - cgp,bpneat,cgp,30,-0.0021666666666666687,0.0,-0.0050000000000000044,0.0,0.2232151129602431,9,"[{""replicate"": 1, ""reference"": 0.99, ""other"": 0.995}, {""replicate"": 2, ""reference"": 0.965, ""other"": 0.975}, {""replicate"": 3, ""reference"": 1.0, ""other"": 0.995}, {""replicate"": 4, ""reference"": 0.985, ""other"": 0.99}, {""replicate"": 5, ""reference"": 0.975, ""other"": 0.99}, {""replicate"": 6, ""reference"": 0.99, ""other"": 0.985}, {""replicate"": 7, ""reference"": 0.975, ""other"": 0.975}, {""replicate"": 8, ""reference"": 0.985, ""other"": 0.995}, {""replicate"": 9, ""reference"": 0.98, ""other"": 0.98}, {""replicate"": 10, ""reference"": 0.985, ""other"": 0.985}, {""replicate"": 11, ""reference"": 0.96, ""other"": 0.99}, {""replicate"": 12, ""reference"": 0.995, ""other"": 0.99}, {""replicate"": 13, ""reference"": 0.99, ""other"": 0.995}, {""replicate"": 14, ""reference"": 0.99, ""other"": 0.985}, {""replicate"": 15, ""reference"": 0.995, ""other"": 0.985}, {""replicate"": 16, ""reference"": 0.955, ""other"": 0.97}, {""replicate"": 17, ""reference"": 0.995, ""other"": 0.995}, {""replicate"": 18, ""reference"": 0.98, ""other"": 0.99}, {""replicate"": 19, ""reference"": 1.0, ""other"": 0.995}, {""replicate"": 20, ""reference"": 0.975, ""other"": 0.98}, {""replicate"": 21, ""reference"": 0.99, ""other"": 0.985}, {""replicate"": 22, ""reference"": 0.965, ""other"": 0.975}, {""replicate"": 23, ""reference"": 0.995, ""other"": 0.995}, {""replicate"": 24, ""reference"": 0.985, ""other"": 0.99}, {""replicate"": 25, ""reference"": 0.985, ""other"": 0.99}, {""replicate"": 26, ""reference"": 1.0, ""other"": 1.0}, {""replicate"": 27, ""reference"": 0.985, ""other"": 0.985}, {""replicate"": 28, ""reference"": 0.99, ""other"": 0.98}, {""replicate"": 29, ""reference"": 0.985, ""other"": 0.965}, {""replicate"": 30, ""reference"": 0.975, ""other"": 0.98}]",1.0,False,bpneat,35,G
circle,test_accuracy,bpneat - fixed_tanh_ha,bpneat,fixed_tanh_ha,30,0.013333333333333345,0.015000000000000013,0.010000000000000009,0.020000000000000018,5.196322862362189e-05,26,"[{""replicate"": 1, ""reference"": 0.99, ""other"": 0.985}, {""replicate"": 2, ""reference"": 0.965, ""other"": 0.955}, {""replicate"": 3, ""reference"": 1.0, ""other"": 0.98}, {""replicate"": 4, ""reference"": 0.985, ""other"": 0.965}, {""replicate"": 5, ""reference"": 0.975, ""other"": 0.96}, {""replicate"": 6, ""reference"": 0.99, ""other"": 0.97}, {""replicate"": 7, ""reference"": 0.975, ""other"": 0.96}, {""replicate"": 8, ""reference"": 0.985, ""other"": 0.98}, {""replicate"": 9, ""reference"": 0.98, ""other"": 0.975}, {""replicate"": 10, ""reference"": 0.985, ""other"": 0.955}, {""replicate"": 11, ""reference"": 0.96, ""other"": 0.98}, {""replicate"": 12, ""reference"": 0.995, ""other"": 0.96}, {""replicate"": 13, ""reference"": 0.99, ""other"": 0.97}, {""replicate"": 14, ""reference"": 0.99, ""other"": 0.975}, {""replicate"": 15, ""reference"": 0.995, ""other"": 0.965}, {""replicate"": 16, ""reference"": 0.955, ""other"": 0.97}, {""replicate"": 17, ""reference"": 0.995, ""other"": 0.98}, {""replicate"": 18, ""reference"": 0.98, ""other"": 0.965}, {""replicate"": 19, ""reference"": 1.0, ""other"": 0.985}, {""replicate"": 20, ""reference"": 0.975, ""other"": 0.95}, {""replicate"": 21, ""reference"": 0.99, ""other"": 0.99}, {""replicate"": 22, ""reference"": 0.965, ""other"": 0.965}, {""replicate"": 23, ""reference"": 0.995, ""other"": 0.97}, {""replicate"": 24, ""reference"": 0.985, ""other"": 0.975}, {""replicate"": 25, ""reference"": 0.985, ""other"": 0.98}, {""replicate"": 26, ""reference"": 1.0, ""other"": 0.98}, {""replicate"": 27, ""reference"": 0.985, ""other"": 0.975}, {""replicate"": 28, ""reference"": 0.99, ""other"": 0.97}, {""replicate"": 29, ""reference"": 0.985, ""other"": 0.98}, {""replicate"": 30, ""reference"": 0.975, ""other"": 0.95}]",0.0013510439442141692,True,bpneat,35,E
circle,test_accuracy,bpneat - fixed_tanh_matched_bpneat,bpneat,fixed_tanh_matched_bpneat,30,0.0046666666666666705,0.007500000000000007,0.0,0.010000000000000009,0.01925831049981241,18,"[{""replicate"": 1, ""reference"": 0.99, ""other"": 0.995}, {""replicate"": 2, ""reference"": 0.965, ""other"": 0.95}, {""replicate"": 3, ""reference"": 1.0, ""other"": 0.98}, {""replicate"": 4, ""reference"": 0.985, ""other"": 0.98}, {""replicate"": 5, ""reference"": 0.975, ""other"": 0.965}, {""replicate"": 6, ""reference"": 0.99, ""other"": 0.975}, {""replicate"": 7, ""reference"": 0.975, ""other"": 0.96}, {""replicate"": 8, ""reference"": 0.985, ""other"": 0.99}, {""replicate"": 9, ""reference"": 0.98, ""other"": 0.97}, {""replicate"": 10, ""reference"": 0.985, ""other"": 0.975}, {""replicate"": 11, ""reference"": 0.96, ""other"": 0.99}, {""replicate"": 12, ""reference"": 0.995, ""other"": 0.965}, {""replicate"": 13, ""reference"": 0.99, ""other"": 0.975}, {""replicate"": 14, ""reference"": 0.99, ""other"": 0.985}, {""replicate"": 15, ""reference"": 0.995, ""other"": 0.98}, {""replicate"": 16, ""reference"": 0.955, ""other"": 0.975}, {""replicate"": 17, ""reference"": 0.995, ""other"": 0.99}, {""replicate"": 18, ""reference"": 0.98, ""other"": 0.98}, {""replicate"": 19, ""reference"": 1.0, ""other"": 0.985}, {""replicate"": 20, ""reference"": 0.975, ""other"": 0.98}, {""replicate"": 21, ""reference"": 0.99, ""other"": 0.995}, {""replicate"": 22, ""reference"": 0.965, ""other"": 0.97}, {""replicate"": 23, ""reference"": 0.995, ""other"": 0.985}, {""replicate"": 24, ""reference"": 0.985, ""other"": 0.985}, {""replicate"": 25, ""reference"": 0.985, ""other"": 0.985}, {""replicate"": 26, ""reference"": 1.0, ""other"": 0.99}, {""replicate"": 27, ""reference"": 0.985, ""other"": 0.99}, {""replicate"": 28, ""reference"": 0.99, ""other"": 0.98}, {""replicate"": 29, ""reference"": 0.985, ""other"": 0.975}, {""replicate"": 30, ""reference"": 0.975, ""other"": 0.98}]",0.26961634699737375,False,bpneat,35,E
circle,test_accuracy,bpneat - fixed_mixed_matched_bpneat,bpneat,fixed_mixed_matched_bpneat,30,-0.0011666666666666676,0.0,-0.0025000000000000022,0.0050000000000000044,0.925526986692391,12,"[{""replicate"": 1, ""reference"": 0.99, ""other"": 0.995}, {""replicate"": 2, ""reference"": 0.965, ""other"": 0.985}, {""replicate"": 3, ""reference"": 1.0, ""other"": 0.99}, {""replicate"": 4, ""reference"": 0.985, ""other"": 0.985}, {""replicate"": 5, ""reference"": 0.975, ""other"": 0.98}, {""replicate"": 6, ""reference"": 0.99, ""other"": 0.98}, {""replicate"": 7, ""reference"": 0.975, ""other"": 0.98}, {""replicate"": 8, ""reference"": 0.985, ""other"": 0.98}, {""replicate"": 9, ""reference"": 0.98, ""other"": 0.975}, {""replicate"": 10, ""reference"": 0.985, ""other"": 0.99}, {""replicate"": 11, ""reference"": 0.96, ""other"": 0.99}, {""replicate"": 12, ""reference"": 0.995, ""other"": 0.995}, {""replicate"": 13, ""reference"": 0.99, ""other"": 0.985}, {""replicate"": 14, ""reference"": 0.99, ""other"": 0.99}, {""replicate"": 15, ""reference"": 0.995, ""other"": 0.99}, {""replicate"": 16, ""reference"": 0.955, ""other"": 0.98}, {""replicate"": 17, ""reference"": 0.995, ""other"": 0.985}, {""replicate"": 18, ""reference"": 0.98, ""other"": 0.99}, {""replicate"": 19, ""reference"": 1.0, ""other"": 0.99}, {""replicate"": 20, ""reference"": 0.975, ""other"": 0.965}, {""replicate"": 21, ""reference"": 0.99, ""other"": 0.99}, {""replicate"": 22, ""reference"": 0.965, ""other"": 0.965}, {""replicate"": 23, ""reference"": 0.995, ""other"": 0.995}, {""replicate"": 24, ""reference"": 0.985, ""other"": 0.985}, {""replicate"": 25, ""reference"": 0.985, ""other"": 0.985}, {""replicate"": 26, ""reference"": 1.0, ""other"": 0.995}, {""replicate"": 27, ""reference"": 0.985, ""other"": 0.995}, {""replicate"": 28, ""reference"": 0.99, ""other"": 0.985}, {""replicate"": 29, ""reference"": 0.985, ""other"": 0.975}, {""replicate"": 30, ""reference"": 0.975, ""other"": 0.985}]",1.0,False,bpneat,35,E
circle,test_accuracy,bpneat - fixed_tanh_matched_cgp,bpneat,fixed_tanh_matched_cgp,30,0.0043333333333333375,0.0050000000000000044,0.0,0.010000000000000009,0.015134447828337363,17,"[{""replicate"": 1, ""reference"": 0.99, ""other"": 0.995}, {""replicate"": 2, ""reference"": 0.965, ""other"": 0.96}, {""replicate"": 3, ""reference"": 1.0, ""other"": 0.975}, {""replicate"": 4, ""reference"": 0.985, ""other"": 0.98}, {""replicate"": 5, ""reference"": 0.975, ""other"": 0.96}, {""replicate"": 6, ""reference"": 0.99, ""other"": 0.975}, {""replicate"": 7, ""reference"": 0.975, ""other"": 0.98}, {""replicate"": 8, ""reference"": 0.985, ""other"": 0.99}, {""replicate"": 9, ""reference"": 0.98, ""other"": 0.98}, {""replicate"": 10, ""reference"": 0.985, ""other"": 0.98}, {""replicate"": 11, ""reference"": 0.96, ""other"": 0.99}, {""replicate"": 12, ""reference"": 0.995, ""other"": 0.975}, {""replicate"": 13, ""reference"": 0.99, ""other"": 0.98}, {""replicate"": 14, ""reference"": 0.99, ""other"": 0.99}, {""replicate"": 15, ""reference"": 0.995, ""other"": 0.985}, {""replicate"": 16, ""reference"": 0.955, ""other"": 0.955}, {""replicate"": 17, ""reference"": 0.995, ""other"": 0.99}, {""replicate"": 18, ""reference"": 0.98, ""other"": 0.965}, {""replicate"": 19, ""reference"": 1.0, ""other"": 0.985}, {""replicate"": 20, ""reference"": 0.975, ""other"": 0.98}, {""replicate"": 21, ""reference"": 0.99, ""other"": 0.99}, {""replicate"": 22, ""reference"": 0.965, ""other"": 0.965}, {""replicate"": 23, ""reference"": 0.995, ""other"": 0.98}, {""replicate"": 24, ""reference"": 0.985, ""other"": 0.975}, {""replicate"": 25, ""reference"": 0.985, ""other"": 0.99}, {""replicate"": 26, ""reference"": 1.0, ""other"": 0.99}, {""replicate"": 27, ""reference"": 0.985, ""other"": 0.985}, {""replicate"": 28, ""reference"": 0.99, ""other"": 0.985}, {""replicate"": 29, ""reference"": 0.985, ""other"": 0.98}, {""replicate"": 30, ""reference"": 0.975, ""other"": 0.98}]",0.2541144499147099,False,bpneat,35,
circle,test_accuracy,bpneat - fixed_mixed_matched_cgp,bpneat,fixed_mixed_matched_cgp,30,-0.0015000000000000013,0.0,-0.0050000000000000044,0.0025000000000000022,0.7476689334121942,10,"[{""replicate"": 1, ""reference"": 0.99, ""other"": 0.995}, {""replicate"": 2, ""reference"": 0.965, ""other"": 0.985}, {""replicate"": 3, ""reference"": 1.0, ""other"": 0.995}, {""replicate"": 4, ""reference"": 0.985, ""other"": 0.99}, {""replicate"": 5, ""reference"": 0.975, ""other"": 0.955}, {""replicate"": 6, ""reference"": 0.99, ""other"": 0.98}, {""replicate"": 7, ""reference"": 0.975, ""other"": 0.985}, {""replicate"": 8, ""reference"": 0.985, ""other"": 0.99}, {""replicate"": 9, ""reference"": 0.98, ""other"": 0.97}, {""replicate"": 10, ""reference"": 0.985, ""other"": 0.995}, {""replicate"": 11, ""reference"": 0.96, ""other"": 0.995}, {""replicate"": 12, ""reference"": 0.995, ""other"": 1.0}, {""replicate"": 13, ""reference"": 0.99, ""other"": 0.975}, {""replicate"": 14, ""reference"": 0.99, ""other"": 0.98}, {""replicate"": 15, ""reference"": 0.995, ""other"": 0.985}, {""replicate"": 16, ""reference"": 0.955, ""other"": 0.985}, {""replicate"": 17, ""reference"": 0.995, ""other"": 0.995}, {""replicate"": 18, ""reference"": 0.98, ""other"": 0.985}, {""replicate"": 19, ""reference"": 1.0, ""other"": 0.99}, {""replicate"": 20, ""reference"": 0.975, ""other"": 0.975}, {""replicate"": 21, ""reference"": 0.99, ""other"": 0.99}, {""replicate"": 22, ""reference"": 0.965, ""other"": 0.965}, {""replicate"": 23, ""reference"": 0.995, ""other"": 0.99}, {""replicate"": 24, ""reference"": 0.985, ""other"": 0.985}, {""replicate"": 25, ""reference"": 0.985, ""other"": 0.99}, {""replicate"": 26, ""reference"": 1.0, ""other"": 0.99}, {""replicate"": 27, ""reference"": 0.985, ""other"": 0.99}, {""replicate"": 28, ""reference"": 0.99, ""other"": 0.99}, {""replicate"": 29, ""reference"": 0.985, ""other"": 0.99}, {""replicate"": 30, ""reference"": 0.975, ""other"": 0.98}]",1.0,False,bpneat,35,
circle,test_accuracy,bpneat - cgp_random_matched,bpneat,cgp_random_matched,30,-0.0006666666666666673,0.0,-0.0025000000000000022,0.0050000000000000044,0.8752674833808238,12,"[{""replicate"": 1, ""reference"": 0.99, ""other"": 0.995}, {""replicate"": 2, ""reference"": 0.965, ""other"": 0.99}, {""replicate"": 3, ""reference"": 1.0, ""other"": 0.995}, {""replicate"": 4, ""reference"": 0.985, ""other"": 0.985}, {""replicate"": 5, ""reference"": 0.975, ""other"": 0.98}, {""replicate"": 6, ""reference"": 0.99, ""other"": 0.99}, {""replicate"": 7, ""reference"": 0.975, ""other"": 0.98}, {""replicate"": 8, ""reference"": 0.985, ""other"": 0.99}, {""replicate"": 9, ""reference"": 0.98, ""other"": 0.965}, {""replicate"": 10, ""reference"": 0.985, ""other"": 0.975}, {""replicate"": 11, ""reference"": 0.96, ""other"": 0.98}, {""replicate"": 12, ""reference"": 0.995, ""other"": 0.99}, {""replicate"": 13, ""reference"": 0.99, ""other"": 0.985}, {""replicate"": 14, ""reference"": 0.99, ""other"": 0.97}, {""replicate"": 15, ""reference"": 0.995, ""other"": 0.99}, {""replicate"": 16, ""reference"": 0.955, ""other"": 0.98}, {""replicate"": 17, ""reference"": 0.995, ""other"": 0.99}, {""replicate"": 18, ""reference"": 0.98, ""other"": 0.99}, {""replicate"": 19, ""reference"": 1.0, ""other"": 0.995}, {""replicate"": 20, ""reference"": 0.975, ""other"": 0.98}, {""replicate"": 21, ""reference"": 0.99, ""other"": 0.99}, {""replicate"": 22, ""reference"": 0.965, ""other"": 0.965}, {""replicate"": 23, ""reference"": 0.995, ""other"": 0.995}, {""replicate"": 24, ""reference"": 0.985, ""other"": 0.98}, {""replicate"": 25, ""reference"": 0.985, ""other"": 0.985}, {""replicate"": 26, ""reference"": 1.0, ""other"": 0.995}, {""replicate"": 27, ""reference"": 0.985, ""other"": 0.99}, {""replicate"": 28, ""reference"": 0.99, ""other"": 0.985}, {""replicate"": 29, ""reference"": 0.985, ""other"": 0.985}, {""replicate"": 30, ""reference"": 0.975, ""other"": 0.975}]",1.0,False,bpneat,35,
spiral,test_accuracy,bpneat - cgp,bpneat,cgp,30,0.050166666666666665,0.0675,0.007500000000000007,0.09749999999999998,0.0049835041230343,21,"[{""replicate"": 1, ""reference"": 0.835, ""other"": 0.785}, {""replicate"": 2, ""reference"": 0.75, ""other"": 0.72}, {""replicate"": 3, ""reference"": 0.705, ""other"": 0.74}, {""replicate"": 4, ""reference"": 0.745, ""other"": 0.59}, {""replicate"": 5, ""reference"": 0.75, ""other"": 0.76}, {""replicate"": 6, ""reference"": 0.885, ""other"": 0.7}, {""replicate"": 7, ""reference"": 0.875, ""other"": 0.805}, {""replicate"": 8, ""reference"": 0.78, ""other"": 0.795}, {""replicate"": 9, ""reference"": 0.815, ""other"": 0.72}, {""replicate"": 10, ""reference"": 0.75, ""other"": 0.815}, {""replicate"": 11, ""reference"": 0.74, ""other"": 0.73}, {""replicate"": 12, ""reference"": 0.81, ""other"": 0.73}, {""replicate"": 13, ""reference"": 0.82, ""other"": 0.75}, {""replicate"": 14, ""reference"": 0.91, ""other"": 0.76}, {""replicate"": 15, ""reference"": 0.83, ""other"": 0.73}, {""replicate"": 16, ""reference"": 0.755, ""other"": 0.69}, {""replicate"": 17, ""reference"": 0.83, ""other"": 0.725}, {""replicate"": 18, ""reference"": 0.885, ""other"": 0.76}, {""replicate"": 19, ""reference"": 0.76, ""other"": 0.605}, {""replicate"": 20, ""reference"": 0.83, ""other"": 0.715}, {""replicate"": 21, ""reference"": 0.76, ""other"": 0.805}, {""replicate"": 22, ""reference"": 0.785, ""other"": 0.885}, {""replicate"": 23, ""reference"": 0.805, ""other"": 0.835}, {""replicate"": 24, ""reference"": 0.75, ""other"": 0.615}, {""replicate"": 25, ""reference"": 0.775, ""other"": 0.77}, {""replicate"": 26, ""reference"": 0.74, ""other"": 0.685}, {""replicate"": 27, ""reference"": 0.785, ""other"": 0.585}, {""replicate"": 28, ""reference"": 0.72, ""other"": 0.77}, {""replicate"": 29, ""reference"": 0.82, ""other"": 0.75}, {""replicate"": 30, ""reference"": 0.73, ""other"": 0.9}]",0.0946865783376517,False,bpneat,35,G
spiral,test_accuracy,bpneat - fixed_tanh_ha,bpneat,fixed_tanh_ha,30,0.15066666666666662,0.14250000000000002,0.1275,0.16499999999999998,1.7202594665136766e-06,30,"[{""replicate"": 1, ""reference"": 0.835, ""other"": 0.675}, {""replicate"": 2, ""reference"": 0.75, ""other"": 0.675}, {""replicate"": 3, ""reference"": 0.705, ""other"": 0.625}, {""replicate"": 4, ""reference"": 0.745, ""other"": 0.595}, {""replicate"": 5, ""reference"": 0.75, ""other"": 0.63}, {""replicate"": 6, ""reference"": 0.885, ""other"": 0.64}, {""replicate"": 7, ""reference"": 0.875, ""other"": 0.62}, {""replicate"": 8, ""reference"": 0.78, ""other"": 0.61}, {""replicate"": 9, ""reference"": 0.815, ""other"": 0.62}, {""replicate"": 10, ""reference"": 0.75, ""other"": 0.665}, {""replicate"": 11, ""reference"": 0.74, ""other"": 0.595}, {""replicate"": 12, ""reference"": 0.81, ""other"": 0.67}, {""replicate"": 13, ""reference"": 0.82, ""other"": 0.625}, {""replicate"": 14, ""reference"": 0.91, ""other"": 0.65}, {""replicate"": 15, ""reference"": 0.83, ""other"": 0.61}, {""replicate"": 16, ""reference"": 0.755, ""other"": 0.67}, {""replicate"": 17, ""reference"": 0.83, ""other"": 0.65}, {""replicate"": 18, ""reference"": 0.885, ""other"": 0.655}, {""replicate"": 19, ""reference"": 0.76, ""other"": 0.625}, {""replicate"": 20, ""reference"": 0.83, ""other"": 0.67}, {""replicate"": 21, ""reference"": 0.76, ""other"": 0.675}, {""replicate"": 22, ""reference"": 0.785, ""other"": 0.645}, {""replicate"": 23, ""reference"": 0.805, ""other"": 0.665}, {""replicate"": 24, ""reference"": 0.75, ""other"": 0.68}, {""replicate"": 25, ""reference"": 0.775, ""other"": 0.625}, {""replicate"": 26, ""reference"": 0.74, ""other"": 0.665}, {""replicate"": 27, ""reference"": 0.785, ""other"": 0.65}, {""replicate"": 28, ""reference"": 0.72, ""other"": 0.605}, {""replicate"": 29, ""reference"": 0.82, ""other"": 0.595}, {""replicate"": 30, ""reference"": 0.73, ""other"": 0.63}]",5.9793009466530704e-05,True,bpneat,35,E
spiral,test_accuracy,bpneat - fixed_tanh_matched_bpneat,bpneat,fixed_tanh_matched_bpneat,30,-0.10683333333333336,-0.10250000000000009,-0.15750000000000003,-0.06999999999999995,3.1306242043911004e-06,2,"[{""replicate"": 1, ""reference"": 0.835, ""other"": 0.93}, {""replicate"": 2, ""reference"": 0.75, ""other"": 0.875}, {""replicate"": 3, ""reference"": 0.705, ""other"": 0.895}, {""replicate"": 4, ""reference"": 0.745, ""other"": 0.835}, {""replicate"": 5, ""reference"": 0.75, ""other"": 0.92}, {""replicate"": 6, ""reference"": 0.885, ""other"": 0.86}, {""replicate"": 7, ""reference"": 0.875, ""other"": 0.945}, {""replicate"": 8, ""reference"": 0.78, ""other"": 0.935}, {""replicate"": 9, ""reference"": 0.815, ""other"": 0.925}, {""replicate"": 10, ""reference"": 0.75, ""other"": 0.91}, {""replicate"": 11, ""reference"": 0.74, ""other"": 0.91}, {""replicate"": 12, ""reference"": 0.81, ""other"": 0.88}, {""replicate"": 13, ""reference"": 0.82, ""other"": 0.87}, {""replicate"": 14, ""reference"": 0.91, ""other"": 0.93}, {""replicate"": 15, ""reference"": 0.83, ""other"": 0.925}, {""replicate"": 16, ""reference"": 0.755, ""other"": 0.85}, {""replicate"": 17, ""reference"": 0.83, ""other"": 0.875}, {""replicate"": 18, ""reference"": 0.885, ""other"": 0.895}, {""replicate"": 19, ""reference"": 0.76, ""other"": 0.93}, {""replicate"": 20, ""reference"": 0.83, ""other"": 0.895}, {""replicate"": 21, ""reference"": 0.76, ""other"": 0.93}, {""replicate"": 22, ""reference"": 0.785, ""other"": 0.805}, {""replicate"": 23, ""reference"": 0.805, ""other"": 0.875}, {""replicate"": 24, ""reference"": 0.75, ""other"": 0.92}, {""replicate"": 25, ""reference"": 0.775, ""other"": 0.92}, {""replicate"": 26, ""reference"": 0.74, ""other"": 0.9}, {""replicate"": 27, ""reference"": 0.785, ""other"": 0.925}, {""replicate"": 28, ""reference"": 0.72, ""other"": 0.92}, {""replicate"": 29, ""reference"": 0.82, ""other"": 0.815}, {""replicate"": 30, ""reference"": 0.73, ""other"": 0.935}]",9.391872613173301e-05,True,bpneat,35,E
spiral,test_accuracy,bpneat - fixed_mixed_matched_bpneat,bpneat,fixed_mixed_matched_bpneat,30,-0.17349999999999996,-0.18749999999999994,-0.20499999999999996,-0.14500000000000002,1.7213435893906393e-06,0,"[{""replicate"": 1, ""reference"": 0.835, ""other"": 0.975}, {""replicate"": 2, ""reference"": 0.75, ""other"": 0.975}, {""replicate"": 3, ""reference"": 0.705, ""other"": 0.97}, {""replicate"": 4, ""reference"": 0.745, ""other"": 0.965}, {""replicate"": 5, ""reference"": 0.75, ""other"": 0.945}, {""replicate"": 6, ""reference"": 0.885, ""other"": 0.975}, {""replicate"": 7, ""reference"": 0.875, ""other"": 0.965}, {""replicate"": 8, ""reference"": 0.78, ""other"": 0.965}, {""replicate"": 9, ""reference"": 0.815, ""other"": 0.98}, {""replicate"": 10, ""reference"": 0.75, ""other"": 0.975}, {""replicate"": 11, ""reference"": 0.74, ""other"": 0.955}, {""replicate"": 12, ""reference"": 0.81, ""other"": 0.975}, {""replicate"": 13, ""reference"": 0.82, ""other"": 0.965}, {""replicate"": 14, ""reference"": 0.91, ""other"": 0.965}, {""replicate"": 15, ""reference"": 0.83, ""other"": 0.975}, {""replicate"": 16, ""reference"": 0.755, ""other"": 0.965}, {""replicate"": 17, ""reference"": 0.83, ""other"": 0.96}, {""replicate"": 18, ""reference"": 0.885, ""other"": 0.97}, {""replicate"": 19, ""reference"": 0.76, ""other"": 0.96}, {""replicate"": 20, ""reference"": 0.83, ""other"": 0.94}, {""replicate"": 21, ""reference"": 0.76, ""other"": 0.95}, {""replicate"": 22, ""reference"": 0.785, ""other"": 0.96}, {""replicate"": 23, ""reference"": 0.805, ""other"": 0.945}, {""replicate"": 24, ""reference"": 0.75, ""other"": 0.96}, {""replicate"": 25, ""reference"": 0.775, ""other"": 0.97}, {""replicate"": 26, ""reference"": 0.74, ""other"": 0.95}, {""replicate"": 27, ""reference"": 0.785, ""other"": 0.98}, {""replicate"": 28, ""reference"": 0.72, ""other"": 0.975}, {""replicate"": 29, ""reference"": 0.82, ""other"": 0.95}, {""replicate"": 30, ""reference"": 0.73, ""other"": 0.975}]",5.9793009466530704e-05,True,bpneat,35,E
spiral,test_accuracy,bpneat - fixed_tanh_matched_cgp,bpneat,fixed_tanh_matched_cgp,30,-0.07550000000000003,-0.07500000000000007,-0.09249999999999997,-0.040000000000000036,2.475003206213044e-05,5,"[{""replicate"": 1, ""reference"": 0.835, ""other"": 0.81}, {""replicate"": 2, ""reference"": 0.75, ""other"": 0.835}, {""replicate"": 3, ""reference"": 0.705, ""other"": 0.935}, {""replicate"": 4, ""reference"": 0.745, ""other"": 0.81}, {""replicate"": 5, ""reference"": 0.75, ""other"": 0.845}, {""replicate"": 6, ""reference"": 0.885, ""other"": 0.82}, {""replicate"": 7, ""reference"": 0.875, ""other"": 0.87}, {""replicate"": 8, ""reference"": 0.78, ""other"": 0.81}, {""replicate"": 9, ""reference"": 0.815, ""other"": 0.89}, {""replicate"": 10, ""reference"": 0.75, ""other"": 0.945}, {""replicate"": 11, ""reference"": 0.74, ""other"": 0.895}, {""replicate"": 12, ""reference"": 0.81, ""other"": 0.89}, {""replicate"": 13, ""reference"": 0.82, ""other"": 0.85}, {""replicate"": 14, ""reference"": 0.91, ""other"": 0.94}, {""replicate"": 15, ""reference"": 0.83, ""other"": 0.905}, {""replicate"": 16, ""reference"": 0.755, ""other"": 0.845}, {""replicate"": 17, ""reference"": 0.83, ""other"": 0.87}, {""replicate"": 18, ""reference"": 0.885, ""other"": 0.86}, {""replicate"": 19, ""reference"": 0.76, ""other"": 0.795}, {""replicate"": 20, ""reference"": 0.83, ""other"": 0.89}, {""replicate"": 21, ""reference"": 0.76, ""other"": 0.925}, {""replicate"": 22, ""reference"": 0.785, ""other"": 0.885}, {""replicate"": 23, ""reference"": 0.805, ""other"": 0.885}, {""replicate"": 24, ""reference"": 0.75, ""other"": 0.79}, {""replicate"": 25, ""reference"": 0.775, ""other"": 0.905}, {""replicate"": 26, ""reference"": 0.74, ""other"": 0.795}, {""replicate"": 27, ""reference"": 0.785, ""other"": 0.89}, {""replicate"": 28, ""reference"": 0.72, ""other"": 0.905}, {""replicate"": 29, ""reference"": 0.82, ""other"": 0.78}, {""replicate"": 30, ""reference"": 0.73, ""other"": 0.925}]",0.0006682508656775219,True,bpneat,35,
spiral,test_accuracy,bpneat - fixed_mixed_matched_cgp,bpneat,fixed_mixed_matched_cgp,30,-0.16916666666666663,-0.17999999999999994,-0.20499999999999996,-0.13999999999999996,1.726772765612998e-06,0,"[{""replicate"": 1, ""reference"": 0.835, ""other"": 0.965}, {""replicate"": 2, ""reference"": 0.75, ""other"": 0.965}, {""replicate"": 3, ""reference"": 0.705, ""other"": 0.96}, {""replicate"": 4, ""reference"": 0.745, ""other"": 0.975}, {""replicate"": 5, ""reference"": 0.75, ""other"": 0.95}, {""replicate"": 6, ""reference"": 0.885, ""other"": 0.965}, {""replicate"": 7, ""reference"": 0.875, ""other"": 0.96}, {""replicate"": 8, ""reference"": 0.78, ""other"": 0.97}, {""replicate"": 9, ""reference"": 0.815, ""other"": 0.96}, {""replicate"": 10, ""reference"": 0.75, ""other"": 0.98}, {""replicate"": 11, ""reference"": 0.74, ""other"": 0.95}, {""replicate"": 12, ""reference"": 0.81, ""other"": 0.95}, {""replicate"": 13, ""reference"": 0.82, ""other"": 0.945}, {""replicate"": 14, ""reference"": 0.91, ""other"": 0.98}, {""replicate"": 15, ""reference"": 0.83, ""other"": 0.97}, {""replicate"": 16, ""reference"": 0.755, ""other"": 0.96}, {""replicate"": 17, ""reference"": 0.83, ""other"": 0.965}, {""replicate"": 18, ""reference"": 0.885, ""other"": 0.945}, {""replicate"": 19, ""reference"": 0.76, ""other"": 0.95}, {""replicate"": 20, ""reference"": 0.83, ""other"": 0.955}, {""replicate"": 21, ""reference"": 0.76, ""other"": 0.965}, {""replicate"": 22, ""reference"": 0.785, ""other"": 0.96}, {""replicate"": 23, ""reference"": 0.805, ""other"": 0.955}, {""replicate"": 24, ""reference"": 0.75, ""other"": 0.955}, {""replicate"": 25, ""reference"": 0.775, ""other"": 0.96}, {""replicate"": 26, ""reference"": 0.74, ""other"": 0.96}, {""replicate"": 27, ""reference"": 0.785, ""other"": 0.955}, {""replicate"": 28, ""reference"": 0.72, ""other"": 0.97}, {""replicate"": 29, ""reference"": 0.82, ""other"": 0.935}, {""replicate"": 30, ""reference"": 0.73, ""other"": 0.97}]",5.9793009466530704e-05,True,bpneat,35,
spiral,test_accuracy,bpneat - cgp_random_matched,bpneat,cgp_random_matched,30,0.03366666666666666,0.03750000000000003,-0.007500000000000007,0.06499999999999995,0.015636499881675054,18,"[{""replicate"": 1, ""reference"": 0.835, ""other"": 0.745}, {""replicate"": 2, ""reference"": 0.75, ""other"": 0.765}, {""replicate"": 3, ""reference"": 0.705, ""other"": 0.795}, {""replicate"": 4, ""reference"": 0.745, ""other"": 0.775}, {""replicate"": 5, ""reference"": 0.75, ""other"": 0.685}, {""replicate"": 6, ""reference"": 0.885, ""other"": 0.765}, {""replicate"": 7, ""reference"": 0.875, ""other"": 0.74}, {""replicate"": 8, ""reference"": 0.78, ""other"": 0.71}, {""replicate"": 9, ""reference"": 0.815, ""other"": 0.725}, {""replicate"": 10, ""reference"": 0.75, ""other"": 0.81}, {""replicate"": 11, ""reference"": 0.74, ""other"": 0.765}, {""replicate"": 12, ""reference"": 0.81, ""other"": 0.765}, {""replicate"": 13, ""reference"": 0.82, ""other"": 0.81}, {""replicate"": 14, ""reference"": 0.91, ""other"": 0.765}, {""replicate"": 15, ""reference"": 0.83, ""other"": 0.76}, {""replicate"": 16, ""reference"": 0.755, ""other"": 0.765}, {""replicate"": 17, ""reference"": 0.83, ""other"": 0.75}, {""replicate"": 18, ""reference"": 0.885, ""other"": 0.745}, {""replicate"": 19, ""reference"": 0.76, ""other"": 0.78}, {""replicate"": 20, ""reference"": 0.83, ""other"": 0.77}, {""replicate"": 21, ""reference"": 0.76, ""other"": 0.73}, {""replicate"": 22, ""reference"": 0.785, ""other"": 0.725}, {""replicate"": 23, ""reference"": 0.805, ""other"": 0.825}, {""replicate"": 24, ""reference"": 0.75, ""other"": 0.755}, {""replicate"": 25, ""reference"": 0.775, ""other"": 0.73}, {""replicate"": 26, ""reference"": 0.74, ""other"": 0.735}, {""replicate"": 27, ""reference"": 0.785, ""other"": 0.81}, {""replicate"": 28, ""reference"": 0.72, ""other"": 0.735}, {""replicate"": 29, ""reference"": 0.82, ""other"": 0.755}, {""replicate"": 30, ""reference"": 0.73, ""other"": 0.73}]",0.2541144499147099,False,bpneat,35,
checkerboard,test_accuracy,bpneat - cgp,bpneat,cgp,30,0.03716666666666667,0.02999999999999997,-0.02250000000000002,0.10249999999999998,0.15572683962712178,18,"[{""replicate"": 1, ""reference"": 0.47, ""other"": 0.51}, {""replicate"": 2, ""reference"": 0.485, ""other"": 0.5}, {""replicate"": 3, ""reference"": 0.7, ""other"": 0.705}, {""replicate"": 4, ""reference"": 0.715, ""other"": 0.685}, {""replicate"": 5, ""reference"": 0.59, ""other"": 0.585}, {""replicate"": 6, ""reference"": 0.615, ""other"": 0.54}, {""replicate"": 7, ""reference"": 0.595, ""other"": 0.745}, {""replicate"": 8, ""reference"": 0.69, ""other"": 0.605}, {""replicate"": 9, ""reference"": 0.68, ""other"": 0.52}, {""replicate"": 10, ""reference"": 0.705, ""other"": 0.535}, {""replicate"": 11, ""reference"": 0.73, ""other"": 0.495}, {""replicate"": 12, ""reference"": 0.715, ""other"": 0.485}, {""replicate"": 13, ""reference"": 0.52, ""other"": 0.49}, {""replicate"": 14, ""reference"": 0.55, ""other"": 0.695}, {""replicate"": 15, ""reference"": 0.72, ""other"": 0.715}, {""replicate"": 16, ""reference"": 0.655, ""other"": 0.58}, {""replicate"": 17, ""reference"": 0.645, ""other"": 0.57}, {""replicate"": 18, ""reference"": 0.63, ""other"": 0.66}, {""replicate"": 19, ""reference"": 0.545, ""other"": 0.725}, {""replicate"": 20, ""reference"": 0.68, ""other"": 0.485}, {""replicate"": 21, ""reference"": 0.535, ""other"": 0.74}, {""replicate"": 22, ""reference"": 0.705, ""other"": 0.43}, {""replicate"": 23, ""reference"": 0.61, ""other"": 0.685}, {""replicate"": 24, ""reference"": 0.5, ""other"": 0.685}, {""replicate"": 25, ""reference"": 0.69, ""other"": 0.455}, {""replicate"": 26, ""reference"": 0.49, ""other"": 0.64}, {""replicate"": 27, ""reference"": 0.685, ""other"": 0.48}, {""replicate"": 28, ""reference"": 0.695, ""other"": 0.53}, {""replicate"": 29, ""reference"": 0.675, ""other"": 0.555}, {""replicate"": 30, ""reference"": 0.415, ""other"": 0.49}]",1.0,False,bpneat,35,G
checkerboard,test_accuracy,bpneat - fixed_tanh_ha,bpneat,fixed_tanh_ha,30,0.051166666666666666,0.04749999999999999,0.0,0.13,0.02363593171209253,19,"[{""replicate"": 1, ""reference"": 0.47, ""other"": 0.585}, {""replicate"": 2, ""reference"": 0.485, ""other"": 0.575}, {""replicate"": 3, ""reference"": 0.7, ""other"": 0.575}, {""replicate"": 4, ""reference"": 0.715, ""other"": 0.585}, {""replicate"": 5, ""reference"": 0.59, ""other"": 0.605}, {""replicate"": 6, ""reference"": 0.615, ""other"": 0.57}, {""replicate"": 7, ""reference"": 0.595, ""other"": 0.595}, {""replicate"": 8, ""reference"": 0.69, ""other"": 0.45}, {""replicate"": 9, ""reference"": 0.68, ""other"": 0.51}, {""replicate"": 10, ""reference"": 0.705, ""other"": 0.57}, {""replicate"": 11, ""reference"": 0.73, ""other"": 0.58}, {""replicate"": 12, ""reference"": 0.715, ""other"": 0.54}, {""replicate"": 13, ""reference"": 0.52, ""other"": 0.605}, {""replicate"": 14, ""reference"": 0.55, ""other"": 0.54}, {""replicate"": 15, ""reference"": 0.72, ""other"": 0.485}, {""replicate"": 16, ""reference"": 0.655, ""other"": 0.46}, {""replicate"": 17, ""reference"": 0.645, ""other"": 0.61}, {""replicate"": 18, ""reference"": 0.63, ""other"": 0.63}, {""replicate"": 19, ""reference"": 0.545, ""other"": 0.64}, {""replicate"": 20, ""reference"": 0.68, ""other"": 0.515}, {""replicate"": 21, ""reference"": 0.535, ""other"": 0.665}, {""replicate"": 22, ""reference"": 0.705, ""other"": 0.505}, {""replicate"": 23, ""reference"": 0.61, ""other"": 0.6}, {""replicate"": 24, ""reference"": 0.5, ""other"": 0.625}, {""replicate"": 25, ""reference"": 0.69, ""other"": 0.58}, {""replicate"": 26, ""reference"": 0.49, ""other"": 0.525}, {""replicate"": 27, ""reference"": 0.685, ""other"": 0.61}, {""replicate"": 28, ""reference"": 0.695, ""other"": 0.645}, {""replicate"": 29, ""reference"": 0.675, ""other"": 0.545}, {""replicate"": 30, ""reference"": 0.415, ""other"": 0.575}]",0.27570223775429026,False,bpneat,35,E
checkerboard,test_accuracy,bpneat - fixed_tanh_matched_bpneat,bpneat,fixed_tanh_matched_bpneat,30,-0.06500000000000002,-0.025000000000000022,-0.11000000000000004,0.012499999999999956,0.02302727637552863,11,"[{""replicate"": 1, ""reference"": 0.47, ""other"": 0.715}, {""replicate"": 2, ""reference"": 0.485, ""other"": 0.645}, {""replicate"": 3, ""reference"": 0.7, ""other"": 0.685}, {""replicate"": 4, ""reference"": 0.715, ""other"": 0.76}, {""replicate"": 5, ""reference"": 0.59, ""other"": 0.685}, {""replicate"": 6, ""reference"": 0.615, ""other"": 0.645}, {""replicate"": 7, ""reference"": 0.595, ""other"": 0.775}, {""replicate"": 8, ""reference"": 0.69, ""other"": 0.695}, {""replicate"": 9, ""reference"": 0.68, ""other"": 0.655}, {""replicate"": 10, ""reference"": 0.705, ""other"": 0.65}, {""replicate"": 11, ""reference"": 0.73, ""other"": 0.655}, {""replicate"": 12, ""reference"": 0.715, ""other"": 0.655}, {""replicate"": 13, ""reference"": 0.52, ""other"": 0.66}, {""replicate"": 14, ""reference"": 0.55, ""other"": 0.675}, {""replicate"": 15, ""reference"": 0.72, ""other"": 0.685}, {""replicate"": 16, ""reference"": 0.655, ""other"": 0.625}, {""replicate"": 17, ""reference"": 0.645, ""other"": 0.635}, {""replicate"": 18, ""reference"": 0.63, ""other"": 0.695}, {""replicate"": 19, ""reference"": 0.545, ""other"": 0.71}, {""replicate"": 20, ""reference"": 0.68, ""other"": 0.74}, {""replicate"": 21, ""reference"": 0.535, ""other"": 0.735}, {""replicate"": 22, ""reference"": 0.705, ""other"": 0.685}, {""replicate"": 23, ""reference"": 0.61, ""other"": 0.61}, {""replicate"": 24, ""reference"": 0.5, ""other"": 0.76}, {""replicate"": 25, ""reference"": 0.69, ""other"": 0.605}, {""replicate"": 26, ""reference"": 0.49, ""other"": 0.71}, {""replicate"": 27, ""reference"": 0.685, ""other"": 0.645}, {""replicate"": 28, ""reference"": 0.695, ""other"": 0.715}, {""replicate"": 29, ""reference"": 0.675, ""other"": 0.685}, {""replicate"": 30, ""reference"": 0.415, ""other"": 0.79}]",0.27570223775429026,False,bpneat,35,E
checkerboard,test_accuracy,bpneat - fixed_mixed_matched_bpneat,bpneat,fixed_mixed_matched_bpneat,30,-0.09333333333333334,-0.04500000000000004,-0.12999999999999995,-0.03249999999999997,1.4896859864716751e-05,5,"[{""replicate"": 1, ""reference"": 0.47, ""other"": 0.765}, {""replicate"": 2, ""reference"": 0.485, ""other"": 0.71}, {""replicate"": 3, ""reference"": 0.7, ""other"": 0.74}, {""replicate"": 4, ""reference"": 0.715, ""other"": 0.75}, {""replicate"": 5, ""reference"": 0.59, ""other"": 0.635}, {""replicate"": 6, ""reference"": 0.615, ""other"": 0.66}, {""replicate"": 7, ""reference"": 0.595, ""other"": 0.785}, {""replicate"": 8, ""reference"": 0.69, ""other"": 0.725}, {""replicate"": 9, ""reference"": 0.68, ""other"": 0.7}, {""replicate"": 10, ""reference"": 0.705, ""other"": 0.715}, {""replicate"": 11, ""reference"": 0.73, ""other"": 0.72}, {""replicate"": 12, ""reference"": 0.715, ""other"": 0.71}, {""replicate"": 13, ""reference"": 0.52, ""other"": 0.72}, {""replicate"": 14, ""reference"": 0.55, ""other"": 0.705}, {""replicate"": 15, ""reference"": 0.72, ""other"": 0.715}, {""replicate"": 16, ""reference"": 0.655, ""other"": 0.69}, {""replicate"": 17, ""reference"": 0.645, ""other"": 0.645}, {""replicate"": 18, ""reference"": 0.63, ""other"": 0.735}, {""replicate"": 19, ""reference"": 0.545, ""other"": 0.73}, {""replicate"": 20, ""reference"": 0.68, ""other"": 0.74}, {""replicate"": 21, ""reference"": 0.535, ""other"": 0.735}, {""replicate"": 22, ""reference"": 0.705, ""other"": 0.735}, {""replicate"": 23, ""reference"": 0.61, ""other"": 0.625}, {""replicate"": 24, ""reference"": 0.5, ""other"": 0.745}, {""replicate"": 25, ""reference"": 0.69, ""other"": 0.68}, {""replicate"": 26, ""reference"": 0.49, ""other"": 0.725}, {""replicate"": 27, ""reference"": 0.685, ""other"": 0.735}, {""replicate"": 28, ""reference"": 0.695, ""other"": 0.68}, {""replicate"": 29, ""reference"": 0.675, ""other"": 0.755}, {""replicate"": 30, ""reference"": 0.415, ""other"": 0.725}]",0.000417112076212069,True,bpneat,35,E
checkerboard,test_accuracy,bpneat - fixed_tanh_matched_cgp,bpneat,fixed_tanh_matched_cgp,30,-0.07400000000000002,-0.03500000000000003,-0.09000000000000002,-0.0050000000000000044,0.0033721150487131873,7,"[{""replicate"": 1, ""reference"": 0.47, ""other"": 0.735}, {""replicate"": 2, ""reference"": 0.485, ""other"": 0.75}, {""replicate"": 3, ""reference"": 0.7, ""other"": 0.675}, {""replicate"": 4, ""reference"": 0.715, ""other"": 0.715}, {""replicate"": 5, ""reference"": 0.59, ""other"": 0.68}, {""replicate"": 6, ""reference"": 0.615, ""other"": 0.665}, {""replicate"": 7, ""reference"": 0.595, ""other"": 0.73}, {""replicate"": 8, ""reference"": 0.69, ""other"": 0.69}, {""replicate"": 9, ""reference"": 0.68, ""other"": 0.735}, {""replicate"": 10, ""reference"": 0.705, ""other"": 0.715}, {""replicate"": 11, ""reference"": 0.73, ""other"": 0.685}, {""replicate"": 12, ""reference"": 0.715, ""other"": 0.655}, {""replicate"": 13, ""reference"": 0.52, ""other"": 0.68}, {""replicate"": 14, ""reference"": 0.55, ""other"": 0.64}, {""replicate"": 15, ""reference"": 0.72, ""other"": 0.705}, {""replicate"": 16, ""reference"": 0.655, ""other"": 0.705}, {""replicate"": 17, ""reference"": 0.645, ""other"": 0.66}, {""replicate"": 18, ""reference"": 0.63, ""other"": 0.675}, {""replicate"": 19, ""reference"": 0.545, ""other"": 0.685}, {""replicate"": 20, ""reference"": 0.68, ""other"": 0.675}, {""replicate"": 21, ""reference"": 0.535, ""other"": 0.805}, {""replicate"": 22, ""reference"": 0.705, ""other"": 0.64}, {""replicate"": 23, ""reference"": 0.61, ""other"": 0.635}, {""replicate"": 24, ""reference"": 0.5, ""other"": 0.735}, {""replicate"": 25, ""reference"": 0.69, ""other"": 0.61}, {""replicate"": 26, ""reference"": 0.49, ""other"": 0.715}, {""replicate"": 27, ""reference"": 0.685, ""other"": 0.685}, {""replicate"": 28, ""reference"": 0.695, ""other"": 0.705}, {""replicate"": 29, ""reference"": 0.675, ""other"": 0.7}, {""replicate"": 30, ""reference"": 0.415, ""other"": 0.77}]",0.07418653107169013,False,bpneat,35,
checkerboard,test_accuracy,bpneat - fixed_mixed_matched_cgp,bpneat,fixed_mixed_matched_cgp,30,-0.09166666666666665,-0.05499999999999999,-0.10749999999999998,-0.014999999999999958,5.522087353778193e-05,3,"[{""replicate"": 1, ""reference"": 0.47, ""other"": 0.735}, {""replicate"": 2, ""reference"": 0.485, ""other"": 0.72}, {""replicate"": 3, ""reference"": 0.7, ""other"": 0.66}, {""replicate"": 4, ""reference"": 0.715, ""other"": 0.755}, {""replicate"": 5, ""reference"": 0.59, ""other"": 0.685}, {""replicate"": 6, ""reference"": 0.615, ""other"": 0.695}, {""replicate"": 7, ""reference"": 0.595, ""other"": 0.775}, {""replicate"": 8, ""reference"": 0.69, ""other"": 0.72}, {""replicate"": 9, ""reference"": 0.68, ""other"": 0.695}, {""replicate"": 10, ""reference"": 0.705, ""other"": 0.715}, {""replicate"": 11, ""reference"": 0.73, ""other"": 0.73}, {""replicate"": 12, ""reference"": 0.715, ""other"": 0.7}, {""replicate"": 13, ""reference"": 0.52, ""other"": 0.72}, {""replicate"": 14, ""reference"": 0.55, ""other"": 0.69}, {""replicate"": 15, ""reference"": 0.72, ""other"": 0.72}, {""replicate"": 16, ""reference"": 0.655, ""other"": 0.725}, {""replicate"": 17, ""reference"": 0.645, ""other"": 0.62}, {""replicate"": 18, ""reference"": 0.63, ""other"": 0.735}, {""replicate"": 19, ""reference"": 0.545, ""other"": 0.655}, {""replicate"": 20, ""reference"": 0.68, ""other"": 0.695}, {""replicate"": 21, ""reference"": 0.535, ""other"": 0.8}, {""replicate"": 22, ""reference"": 0.705, ""other"": 0.715}, {""replicate"": 23, ""reference"": 0.61, ""other"": 0.625}, {""replicate"": 24, ""reference"": 0.5, ""other"": 0.755}, {""replicate"": 25, ""reference"": 0.69, ""other"": 0.695}, {""replicate"": 26, ""reference"": 0.49, ""other"": 0.725}, {""replicate"": 27, ""reference"": 0.685, ""other"": 0.705}, {""replicate"": 28, ""reference"": 0.695, ""other"": 0.71}, {""replicate"": 29, ""reference"": 0.675, ""other"": 0.76}, {""replicate"": 30, ""reference"": 0.415, ""other"": 0.75}]",0.0013805218384445482,True,bpneat,35,
checkerboard,test_accuracy,bpneat - cgp_random_matched,bpneat,cgp_random_matched,30,-0.07300000000000001,-0.03500000000000003,-0.11250000000000004,-0.0025000000000000022,0.0037199794572788662,9,"[{""replicate"": 1, ""reference"": 0.47, ""other"": 0.735}, {""replicate"": 2, ""reference"": 0.485, ""other"": 0.695}, {""replicate"": 3, ""reference"": 0.7, ""other"": 0.665}, {""replicate"": 4, ""reference"": 0.715, ""other"": 0.735}, {""replicate"": 5, ""reference"": 0.59, ""other"": 0.675}, {""replicate"": 6, ""reference"": 0.615, ""other"": 0.62}, {""replicate"": 7, ""reference"": 0.595, ""other"": 0.74}, {""replicate"": 8, ""reference"": 0.69, ""other"": 0.695}, {""replicate"": 9, ""reference"": 0.68, ""other"": 0.7}, {""replicate"": 10, ""reference"": 0.705, ""other"": 0.69}, {""replicate"": 11, ""reference"": 0.73, ""other"": 0.715}, {""replicate"": 12, ""reference"": 0.715, ""other"": 0.74}, {""replicate"": 13, ""reference"": 0.52, ""other"": 0.73}, {""replicate"": 14, ""reference"": 0.55, ""other"": 0.725}, {""replicate"": 15, ""reference"": 0.72, ""other"": 0.79}, {""replicate"": 16, ""reference"": 0.655, ""other"": 0.655}, {""replicate"": 17, ""reference"": 0.645, ""other"": 0.605}, {""replicate"": 18, ""reference"": 0.63, ""other"": 0.675}, {""replicate"": 19, ""reference"": 0.545, ""other"": 0.73}, {""replicate"": 20, ""reference"": 0.68, ""other"": 0.635}, {""replicate"": 21, ""reference"": 0.535, ""other"": 0.8}, {""replicate"": 22, ""reference"": 0.705, ""other"": 0.755}, {""replicate"": 23, ""reference"": 0.61, ""other"": 0.685}, {""replicate"": 24, ""reference"": 0.5, ""other"": 0.705}, {""replicate"": 25, ""reference"": 0.69, ""other"": 0.645}, {""replicate"": 26, ""reference"": 0.49, ""other"": 0.63}, {""replicate"": 27, ""reference"": 0.685, ""other"": 0.64}, {""replicate"": 28, ""reference"": 0.695, ""other"": 0.645}, {""replicate"": 29, ""reference"": 0.675, ""other"": 0.67}, {""replicate"": 30, ""reference"": 0.415, ""other"": 0.7}]",0.0781195686028562,False,bpneat,35,
spiral3,test_accuracy,bpneat - cgp,bpneat,cgp,30,0.03233333333333332,0.03249999999999997,0.012500000000000011,0.05499999999999994,0.002487105121811845,21,"[{""replicate"": 1, ""reference"": 0.615, ""other"": 0.48}, {""replicate"": 2, ""reference"": 0.54, ""other"": 0.635}, {""replicate"": 3, ""reference"": 0.63, ""other"": 0.63}, {""replicate"": 4, ""reference"": 0.515, ""other"": 0.56}, {""replicate"": 5, ""reference"": 0.64, ""other"": 0.53}, {""replicate"": 6, ""reference"": 0.59, ""other"": 0.545}, {""replicate"": 7, ""reference"": 0.595, ""other"": 0.58}, {""replicate"": 8, ""reference"": 0.585, ""other"": 0.535}, {""replicate"": 9, ""reference"": 0.635, ""other"": 0.605}, {""replicate"": 10, ""reference"": 0.615, ""other"": 0.54}, {""replicate"": 11, ""reference"": 0.625, ""other"": 0.52}, {""replicate"": 12, ""reference"": 0.54, ""other"": 0.51}, {""replicate"": 13, ""reference"": 0.59, ""other"": 0.535}, {""replicate"": 14, ""reference"": 0.6, ""other"": 0.58}, {""replicate"": 15, ""reference"": 0.635, ""other"": 0.55}, {""replicate"": 16, ""reference"": 0.635, ""other"": 0.55}, {""replicate"": 17, ""reference"": 0.655, ""other"": 0.675}, {""replicate"": 18, ""reference"": 0.605, ""other"": 0.55}, {""replicate"": 19, ""reference"": 0.545, ""other"": 0.555}, {""replicate"": 20, ""reference"": 0.645, ""other"": 0.565}, {""replicate"": 21, ""reference"": 0.59, ""other"": 0.53}, {""replicate"": 22, ""reference"": 0.52, ""other"": 0.59}, {""replicate"": 23, ""reference"": 0.57, ""other"": 0.535}, {""replicate"": 24, ""reference"": 0.605, ""other"": 0.53}, {""replicate"": 25, ""reference"": 0.59, ""other"": 0.555}, {""replicate"": 26, ""reference"": 0.625, ""other"": 0.595}, {""replicate"": 27, ""reference"": 0.55, ""other"": 0.55}, {""replicate"": 28, ""reference"": 0.56, ""other"": 0.56}, {""replicate"": 29, ""reference"": 0.54, ""other"": 0.53}, {""replicate"": 30, ""reference"": 0.525, ""other"": 0.535}]",0.05720341780167244,False,bpneat,35,G
spiral3,test_accuracy,bpneat - fixed_tanh_ha,bpneat,fixed_tanh_ha,30,0.06183333333333332,0.06250000000000006,0.04249999999999998,0.09999999999999998,1.060670343069245e-05,25,"[{""replicate"": 1, ""reference"": 0.615, ""other"": 0.515}, {""replicate"": 2, ""reference"": 0.54, ""other"": 0.54}, {""replicate"": 3, ""reference"": 0.63, ""other"": 0.53}, {""replicate"": 4, ""reference"": 0.515, ""other"": 0.535}, {""replicate"": 5, ""reference"": 0.64, ""other"": 0.53}, {""replicate"": 6, ""reference"": 0.59, ""other"": 0.585}, {""replicate"": 7, ""reference"": 0.595, ""other"": 0.525}, {""replicate"": 8, ""reference"": 0.585, ""other"": 0.525}, {""replicate"": 9, ""reference"": 0.635, ""other"": 0.51}, {""replicate"": 10, ""reference"": 0.615, ""other"": 0.525}, {""replicate"": 11, ""reference"": 0.625, ""other"": 0.52}, {""replicate"": 12, ""reference"": 0.54, ""other"": 0.545}, {""replicate"": 13, ""reference"": 0.59, ""other"": 0.515}, {""replicate"": 14, ""reference"": 0.6, ""other"": 0.545}, {""replicate"": 15, ""reference"": 0.635, ""other"": 0.525}, {""replicate"": 16, ""reference"": 0.635, ""other"": 0.57}, {""replicate"": 17, ""reference"": 0.655, ""other"": 0.55}, {""replicate"": 18, ""reference"": 0.605, ""other"": 0.545}, {""replicate"": 19, ""reference"": 0.545, ""other"": 0.485}, {""replicate"": 20, ""reference"": 0.645, ""other"": 0.545}, {""replicate"": 21, ""reference"": 0.59, ""other"": 0.54}, {""replicate"": 22, ""reference"": 0.52, ""other"": 0.525}, {""replicate"": 23, ""reference"": 0.57, ""other"": 0.565}, {""replicate"": 24, ""reference"": 0.605, ""other"": 0.5}, {""replicate"": 25, ""reference"": 0.59, ""other"": 0.48}, {""replicate"": 26, ""reference"": 0.625, ""other"": 0.59}, {""replicate"": 27, ""reference"": 0.55, ""other"": 0.52}, {""replicate"": 28, ""reference"": 0.56, ""other"": 0.42}, {""replicate"": 29, ""reference"": 0.54, ""other"": 0.525}, {""replicate"": 30, ""reference"": 0.525, ""other"": 0.525}]",0.00030759439949008105,True,bpneat,35,E
spiral3,test_accuracy,bpneat - fixed_tanh_matched_bpneat,bpneat,fixed_tanh_matched_bpneat,30,0.007666666666666673,0.007500000000000007,-0.015000000000000013,0.030000000000000027,0.32821270765629307,18,"[{""replicate"": 1, ""reference"": 0.615, ""other"": 0.575}, {""replicate"": 2, ""reference"": 0.54, ""other"": 0.59}, {""replicate"": 3, ""reference"": 0.63, ""other"": 0.575}, {""replicate"": 4, ""reference"": 0.515, ""other"": 0.58}, {""replicate"": 5, ""reference"": 0.64, ""other"": 0.595}, {""replicate"": 6, ""reference"": 0.59, ""other"": 0.56}, {""replicate"": 7, ""reference"": 0.595, ""other"": 0.585}, {""replicate"": 8, ""reference"": 0.585, ""other"": 0.59}, {""replicate"": 9, ""reference"": 0.635, ""other"": 0.585}, {""replicate"": 10, ""reference"": 0.615, ""other"": 0.55}, {""replicate"": 11, ""reference"": 0.625, ""other"": 0.575}, {""replicate"": 12, ""reference"": 0.54, ""other"": 0.56}, {""replicate"": 13, ""reference"": 0.59, ""other"": 0.56}, {""replicate"": 14, ""reference"": 0.6, ""other"": 0.55}, {""replicate"": 15, ""reference"": 0.635, ""other"": 0.605}, {""replicate"": 16, ""reference"": 0.635, ""other"": 0.605}, {""replicate"": 17, ""reference"": 0.655, ""other"": 0.59}, {""replicate"": 18, ""reference"": 0.605, ""other"": 0.6}, {""replicate"": 19, ""reference"": 0.545, ""other"": 0.54}, {""replicate"": 20, ""reference"": 0.645, ""other"": 0.615}, {""replicate"": 21, ""reference"": 0.59, ""other"": 0.585}, {""replicate"": 22, ""reference"": 0.52, ""other"": 0.56}, {""replicate"": 23, ""reference"": 0.57, ""other"": 0.635}, {""replicate"": 24, ""reference"": 0.605, ""other"": 0.615}, {""replicate"": 25, ""reference"": 0.59, ""other"": 0.615}, {""replicate"": 26, ""reference"": 0.625, ""other"": 0.53}, {""replicate"": 27, ""reference"": 0.55, ""other"": 0.6}, {""replicate"": 28, ""reference"": 0.56, ""other"": 0.625}, {""replicate"": 29, ""reference"": 0.54, ""other"": 0.56}, {""replicate"": 30, ""reference"": 0.525, ""other"": 0.57}]",1.0,False,bpneat,35,E
spiral3,test_accuracy,bpneat - fixed_mixed_matched_bpneat,bpneat,fixed_mixed_matched_bpneat,30,-0.19283333333333333,-0.18750000000000006,-0.21250000000000002,-0.17000000000000004,1.7170105183845441e-06,0,"[{""replicate"": 1, ""reference"": 0.615, ""other"": 0.795}, {""replicate"": 2, ""reference"": 0.54, ""other"": 0.77}, {""replicate"": 3, ""reference"": 0.63, ""other"": 0.775}, {""replicate"": 4, ""reference"": 0.515, ""other"": 0.79}, {""replicate"": 5, ""reference"": 0.64, ""other"": 0.81}, {""replicate"": 6, ""reference"": 0.59, ""other"": 0.81}, {""replicate"": 7, ""reference"": 0.595, ""other"": 0.755}, {""replicate"": 8, ""reference"": 0.585, ""other"": 0.825}, {""replicate"": 9, ""reference"": 0.635, ""other"": 0.805}, {""replicate"": 10, ""reference"": 0.615, ""other"": 0.805}, {""replicate"": 11, ""reference"": 0.625, ""other"": 0.785}, {""replicate"": 12, ""reference"": 0.54, ""other"": 0.735}, {""replicate"": 13, ""reference"": 0.59, ""other"": 0.8}, {""replicate"": 14, ""reference"": 0.6, ""other"": 0.775}, {""replicate"": 15, ""reference"": 0.635, ""other"": 0.795}, {""replicate"": 16, ""reference"": 0.635, ""other"": 0.775}, {""replicate"": 17, ""reference"": 0.655, ""other"": 0.815}, {""replicate"": 18, ""reference"": 0.605, ""other"": 0.81}, {""replicate"": 19, ""reference"": 0.545, ""other"": 0.77}, {""replicate"": 20, ""reference"": 0.645, ""other"": 0.815}, {""replicate"": 21, ""reference"": 0.59, ""other"": 0.775}, {""replicate"": 22, ""reference"": 0.52, ""other"": 0.735}, {""replicate"": 23, ""reference"": 0.57, ""other"": 0.76}, {""replicate"": 24, ""reference"": 0.605, ""other"": 0.755}, {""replicate"": 25, ""reference"": 0.59, ""other"": 0.75}, {""replicate"": 26, ""reference"": 0.625, ""other"": 0.81}, {""replicate"": 27, ""reference"": 0.55, ""other"": 0.78}, {""replicate"": 28, ""reference"": 0.56, ""other"": 0.81}, {""replicate"": 29, ""reference"": 0.54, ""other"": 0.765}, {""replicate"": 30, ""reference"": 0.525, ""other"": 0.74}]",5.9793009466530704e-05,True,bpneat,35,E
spiral3,test_accuracy,bpneat - fixed_tanh_matched_cgp,bpneat,fixed_tanh_matched_cgp,30,0.018333333333333333,0.02499999999999991,-0.0025000000000000022,0.04749999999999999,0.02120786444263771,19,"[{""replicate"": 1, ""reference"": 0.615, ""other"": 0.585}, {""replicate"": 2, ""reference"": 0.54, ""other"": 0.575}, {""replicate"": 3, ""reference"": 0.63, ""other"": 0.555}, {""replicate"": 4, ""reference"": 0.515, ""other"": 0.54}, {""replicate"": 5, ""reference"": 0.64, ""other"": 0.585}, {""replicate"": 6, ""reference"": 0.59, ""other"": 0.58}, {""replicate"": 7, ""reference"": 0.595, ""other"": 0.595}, {""replicate"": 8, ""reference"": 0.585, ""other"": 0.55}, {""replicate"": 9, ""reference"": 0.635, ""other"": 0.585}, {""replicate"": 10, ""reference"": 0.615, ""other"": 0.56}, {""replicate"": 11, ""reference"": 0.625, ""other"": 0.58}, {""replicate"": 12, ""reference"": 0.54, ""other"": 0.56}, {""replicate"": 13, ""reference"": 0.59, ""other"": 0.54}, {""replicate"": 14, ""reference"": 0.6, ""other"": 0.54}, {""replicate"": 15, ""reference"": 0.635, ""other"": 0.625}, {""replicate"": 16, ""reference"": 0.635, ""other"": 0.565}, {""replicate"": 17, ""reference"": 0.655, ""other"": 0.625}, {""replicate"": 18, ""reference"": 0.605, ""other"": 0.61}, {""replicate"": 19, ""reference"": 0.545, ""other"": 0.59}, {""replicate"": 20, ""reference"": 0.645, ""other"": 0.58}, {""replicate"": 21, ""reference"": 0.59, ""other"": 0.575}, {""replicate"": 22, ""reference"": 0.52, ""other"": 0.55}, {""replicate"": 23, ""reference"": 0.57, ""other"": 0.55}, {""replicate"": 24, ""reference"": 0.605, ""other"": 0.53}, {""replicate"": 25, ""reference"": 0.59, ""other"": 0.56}, {""replicate"": 26, ""reference"": 0.625, ""other"": 0.555}, {""replicate"": 27, ""reference"": 0.55, ""other"": 0.595}, {""replicate"": 28, ""reference"": 0.56, ""other"": 0.575}, {""replicate"": 29, ""reference"": 0.54, ""other"": 0.595}, {""replicate"": 30, ""reference"": 0.525, ""other"": 0.55}]",0.27570223775429026,False,bpneat,35,
spiral3,test_accuracy,bpneat - fixed_mixed_matched_cgp,bpneat,fixed_mixed_matched_cgp,30,-0.163,-0.15500000000000003,-0.17250000000000004,-0.14,1.7083716990437344e-06,0,"[{""replicate"": 1, ""reference"": 0.615, ""other"": 0.805}, {""replicate"": 2, ""reference"": 0.54, ""other"": 0.77}, {""replicate"": 3, ""reference"": 0.63, ""other"": 0.725}, {""replicate"": 4, ""reference"": 0.515, ""other"": 0.76}, {""replicate"": 5, ""reference"": 0.64, ""other"": 0.79}, {""replicate"": 6, ""reference"": 0.59, ""other"": 0.76}, {""replicate"": 7, ""reference"": 0.595, ""other"": 0.74}, {""replicate"": 8, ""reference"": 0.585, ""other"": 0.78}, {""replicate"": 9, ""reference"": 0.635, ""other"": 0.75}, {""replicate"": 10, ""reference"": 0.615, ""other"": 0.745}, {""replicate"": 11, ""reference"": 0.625, ""other"": 0.77}, {""replicate"": 12, ""reference"": 0.54, ""other"": 0.71}, {""replicate"": 13, ""reference"": 0.59, ""other"": 0.72}, {""replicate"": 14, ""reference"": 0.6, ""other"": 0.735}, {""replicate"": 15, ""reference"": 0.635, ""other"": 0.795}, {""replicate"": 16, ""reference"": 0.635, ""other"": 0.755}, {""replicate"": 17, ""reference"": 0.655, ""other"": 0.785}, {""replicate"": 18, ""reference"": 0.605, ""other"": 0.765}, {""replicate"": 19, ""reference"": 0.545, ""other"": 0.78}, {""replicate"": 20, ""reference"": 0.645, ""other"": 0.795}, {""replicate"": 21, ""reference"": 0.59, ""other"": 0.735}, {""replicate"": 22, ""reference"": 0.52, ""other"": 0.76}, {""replicate"": 23, ""reference"": 0.57, ""other"": 0.745}, {""replicate"": 24, ""reference"": 0.605, ""other"": 0.7}, {""replicate"": 25, ""reference"": 0.59, ""other"": 0.75}, {""replicate"": 26, ""reference"": 0.625, ""other"": 0.72}, {""replicate"": 27, ""reference"": 0.55, ""other"": 0.745}, {""replicate"": 28, ""reference"": 0.56, ""other"": 0.77}, {""replicate"": 29, ""reference"": 0.54, ""other"": 0.785}, {""replicate"": 30, ""reference"": 0.525, ""other"": 0.655}]",5.9793009466530704e-05,True,bpneat,35,
spiral3,test_accuracy,bpneat - cgp_random_matched,bpneat,cgp_random_matched,30,-0.010833333333333322,0.0,-0.02999999999999997,0.015000000000000013,0.4776562378679329,13,"[{""replicate"": 1, ""reference"": 0.615, ""other"": 0.645}, {""replicate"": 2, ""reference"": 0.54, ""other"": 0.57}, {""replicate"": 3, ""reference"": 0.63, ""other"": 0.58}, {""replicate"": 4, ""reference"": 0.515, ""other"": 0.64}, {""replicate"": 5, ""reference"": 0.64, ""other"": 0.625}, {""replicate"": 6, ""reference"": 0.59, ""other"": 0.61}, {""replicate"": 7, ""reference"": 0.595, ""other"": 0.56}, {""replicate"": 8, ""reference"": 0.585, ""other"": 0.63}, {""replicate"": 9, ""reference"": 0.635, ""other"": 0.59}, {""replicate"": 10, ""reference"": 0.615, ""other"": 0.585}, {""replicate"": 11, ""reference"": 0.625, ""other"": 0.595}, {""replicate"": 12, ""reference"": 0.54, ""other"": 0.65}, {""replicate"": 13, ""reference"": 0.59, ""other"": 0.575}, {""replicate"": 14, ""reference"": 0.6, ""other"": 0.615}, {""replicate"": 15, ""reference"": 0.635, ""other"": 0.59}, {""replicate"": 16, ""reference"": 0.635, ""other"": 0.595}, {""replicate"": 17, ""reference"": 0.655, ""other"": 0.615}, {""replicate"": 18, ""reference"": 0.605, ""other"": 0.635}, {""replicate"": 19, ""reference"": 0.545, ""other"": 0.615}, {""replicate"": 20, ""reference"": 0.645, ""other"": 0.635}, {""replicate"": 21, ""reference"": 0.59, ""other"": 0.58}, {""replicate"": 22, ""reference"": 0.52, ""other"": 0.555}, {""replicate"": 23, ""reference"": 0.57, ""other"": 0.57}, {""replicate"": 24, ""reference"": 0.605, ""other"": 0.605}, {""replicate"": 25, ""reference"": 0.59, ""other"": 0.615}, {""replicate"": 26, ""reference"": 0.625, ""other"": 0.565}, {""replicate"": 27, ""reference"": 0.55, ""other"": 0.66}, {""replicate"": 28, ""reference"": 0.56, ""other"": 0.56}, {""replicate"": 29, ""reference"": 0.54, ""other"": 0.59}, {""replicate"": 30, ""reference"": 0.525, ""other"": 0.58}]",1.0,False,bpneat,35,
xor,test_accuracy,cgp - bpneat,cgp,bpneat,30,-0.0010000000000000083,-0.0050000000000000044,-0.010000000000000009,0.0,0.0708137940085236,6,"[{""replicate"": 1, ""reference"": 0.98, ""other"": 0.99}, {""replicate"": 2, ""reference"": 0.99, ""other"": 1.0}, {""replicate"": 3, ""reference"": 0.99, ""other"": 0.99}, {""replicate"": 4, ""reference"": 0.995, ""other"": 1.0}, {""replicate"": 5, ""reference"": 1.0, ""other"": 1.0}, {""replicate"": 6, ""reference"": 0.995, ""other"": 1.0}, {""replicate"": 7, ""reference"": 1.0, ""other"": 0.995}, {""replicate"": 8, ""reference"": 0.98, ""other"": 1.0}, {""replicate"": 9, ""reference"": 0.99, ""other"": 1.0}, {""replicate"": 10, ""reference"": 0.995, ""other"": 0.91}, {""replicate"": 11, ""reference"": 0.975, ""other"": 0.99}, {""replicate"": 12, ""reference"": 1.0, ""other"": 1.0}, {""replicate"": 13, ""reference"": 0.995, ""other"": 0.995}, {""replicate"": 14, ""reference"": 0.97, ""other"": 0.99}, {""replicate"": 15, ""reference"": 0.995, ""other"": 1.0}, {""replicate"": 16, ""reference"": 0.995, ""other"": 1.0}, {""replicate"": 17, ""reference"": 0.995, ""other"": 0.95}, {""replicate"": 18, ""reference"": 0.975, ""other"": 1.0}, {""replicate"": 19, ""reference"": 1.0, ""other"": 1.0}, {""replicate"": 20, ""reference"": 0.99, ""other"": 0.98}, {""replicate"": 21, ""reference"": 0.985, ""other"": 1.0}, {""replicate"": 22, ""reference"": 0.98, ""other"": 0.935}, {""replicate"": 23, ""reference"": 0.99, ""other"": 1.0}, {""replicate"": 24, ""reference"": 1.0, ""other"": 1.0}, {""replicate"": 25, ""reference"": 1.0, ""other"": 1.0}, {""replicate"": 26, ""reference"": 0.985, ""other"": 1.0}, {""replicate"": 27, ""reference"": 1.0, ""other"": 1.0}, {""replicate"": 28, ""reference"": 0.975, ""other"": 1.0}, {""replicate"": 29, ""reference"": 0.99, ""other"": 0.985}, {""replicate"": 30, ""reference"": 0.97, ""other"": 1.0}]",0.708137940085236,False,cgp,25,G
xor,test_accuracy,cgp - fixed_tanh_ha,cgp,fixed_tanh_ha,30,0.006333333333333339,0.0050000000000000044,0.0,0.010000000000000009,0.01063043566407759,19,"[{""replicate"": 1, ""reference"": 0.98, ""other"": 1.0}, {""replicate"": 2, ""reference"": 0.99, ""other"": 0.985}, {""replicate"": 3, ""reference"": 0.99, ""other"": 0.98}, {""replicate"": 4, ""reference"": 0.995, ""other"": 0.975}, {""replicate"": 5, ""reference"": 1.0, ""other"": 0.995}, {""replicate"": 6, ""reference"": 0.995, ""other"": 0.99}, {""replicate"": 7, ""reference"": 1.0, ""other"": 0.975}, {""replicate"": 8, ""reference"": 0.98, ""other"": 0.98}, {""replicate"": 9, ""reference"": 0.99, ""other"": 1.0}, {""replicate"": 10, ""reference"": 0.995, ""other"": 0.97}, {""replicate"": 11, ""reference"": 0.975, ""other"": 0.975}, {""replicate"": 12, ""reference"": 1.0, ""other"": 0.995}, {""replicate"": 13, ""reference"": 0.995, ""other"": 1.0}, {""replicate"": 14, ""reference"": 0.97, ""other"": 0.985}, {""replicate"": 15, ""reference"": 0.995, ""other"": 0.995}, {""replicate"": 16, ""reference"": 0.995, ""other"": 0.97}, {""replicate"": 17, ""reference"": 0.995, ""other"": 0.99}, {""replicate"": 18, ""reference"": 0.975, ""other"": 0.955}, {""replicate"": 19, ""reference"": 1.0, ""other"": 0.985}, {""replicate"": 20, ""reference"": 0.99, ""other"": 0.96}, {""replicate"": 21, ""reference"": 0.985, ""other"": 0.98}, {""replicate"": 22, ""reference"": 0.98, ""other"": 0.98}, {""replicate"": 23, ""reference"": 0.99, ""other"": 0.985}, {""replicate"": 24, ""reference"": 1.0, ""other"": 0.995}, {""replicate"": 25, ""reference"": 1.0, ""other"": 0.99}, {""replicate"": 26, ""reference"": 0.985, ""other"": 0.985}, {""replicate"": 27, ""reference"": 1.0, ""other"": 0.98}, {""replicate"": 28, ""reference"": 0.975, ""other"": 0.96}, {""replicate"": 29, ""reference"": 0.99, ""other"": 1.0}, {""replicate"": 30, ""reference"": 0.97, ""other"": 0.975}]",0.1169347923048535,False,cgp,25,F
xor,test_accuracy,cgp - fixed_tanh_matched_cgp,cgp,fixed_tanh_matched_cgp,30,0.00366666666666667,0.0025000000000000022,-0.0050000000000000044,0.010000000000000009,0.13779878363866602,15,"[{""replicate"": 1, ""reference"": 0.98, ""other"": 0.995}, {""replicate"": 2, ""reference"": 0.99, ""other"": 0.995}, {""replicate"": 3, ""reference"": 0.99, ""other"": 0.995}, {""replicate"": 4, ""reference"": 0.995, ""other"": 0.98}, {""replicate"": 5, ""reference"": 1.0, ""other"": 0.99}, {""replicate"": 6, ""reference"": 0.995, ""other"": 0.985}, {""replicate"": 7, ""reference"": 1.0, ""other"": 0.995}, {""replicate"": 8, ""reference"": 0.98, ""other"": 0.985}, {""replicate"": 9, ""reference"": 0.99, ""other"": 0.995}, {""replicate"": 10, ""reference"": 0.995, ""other"": 0.97}, {""replicate"": 11, ""reference"": 0.975, ""other"": 0.97}, {""replicate"": 12, ""reference"": 1.0, ""other"": 1.0}, {""replicate"": 13, ""reference"": 0.995, ""other"": 0.99}, {""replicate"": 14, ""reference"": 0.97, ""other"": 0.975}, {""replicate"": 15, ""reference"": 0.995, ""other"": 0.995}, {""replicate"": 16, ""reference"": 0.995, ""other"": 0.97}, {""replicate"": 17, ""reference"": 0.995, ""other"": 1.0}, {""replicate"": 18, ""reference"": 0.975, ""other"": 0.965}, {""replicate"": 19, ""reference"": 1.0, ""other"": 0.975}, {""replicate"": 20, ""reference"": 0.99, ""other"": 0.985}, {""replicate"": 21, ""reference"": 0.985, ""other"": 0.965}, {""replicate"": 22, ""reference"": 0.98, ""other"": 0.985}, {""replicate"": 23, ""reference"": 0.99, ""other"": 0.99}, {""replicate"": 24, ""reference"": 1.0, ""other"": 0.99}, {""replicate"": 25, ""reference"": 1.0, ""other"": 0.99}, {""replicate"": 26, ""reference"": 0.985, ""other"": 0.99}, {""replicate"": 27, ""reference"": 1.0, ""other"": 0.985}, {""replicate"": 28, ""reference"": 0.975, ""other"": 0.99}, {""replicate"": 29, ""reference"": 0.99, ""other"": 0.99}, {""replicate"": 30, ""reference"": 0.97, ""other"": 0.985}]",1.0,False,cgp,25,F
xor,test_accuracy,cgp - fixed_mixed_matched_cgp,cgp,fixed_mixed_matched_cgp,30,0.01100000000000001,0.010000000000000009,0.0050000000000000044,0.015000000000000013,0.00030396636399344934,22,"[{""replicate"": 1, ""reference"": 0.98, ""other"": 0.995}, {""replicate"": 2, ""reference"": 0.99, ""other"": 0.975}, {""replicate"": 3, ""reference"": 0.99, ""other"": 0.98}, {""replicate"": 4, ""reference"": 0.995, ""other"": 0.97}, {""replicate"": 5, ""reference"": 1.0, ""other"": 0.98}, {""replicate"": 6, ""reference"": 0.995, ""other"": 0.975}, {""replicate"": 7, ""reference"": 1.0, ""other"": 0.99}, {""replicate"": 8, ""reference"": 0.98, ""other"": 0.975}, {""replicate"": 9, ""reference"": 0.99, ""other"": 0.99}, {""replicate"": 10, ""reference"": 0.995, ""other"": 0.975}, {""replicate"": 11, ""reference"": 0.975, ""other"": 0.96}, {""replicate"": 12, ""reference"": 1.0, ""other"": 0.995}, {""replicate"": 13, ""reference"": 0.995, ""other"": 0.985}, {""replicate"": 14, ""reference"": 0.97, ""other"": 0.975}, {""replicate"": 15, ""reference"": 0.995, ""other"": 0.98}, {""replicate"": 16, ""reference"": 0.995, ""other"": 0.975}, {""replicate"": 17, ""reference"": 0.995, ""other"": 0.985}, {""replicate"": 18, ""reference"": 0.975, ""other"": 0.96}, {""replicate"": 19, ""reference"": 1.0, ""other"": 0.96}, {""replicate"": 20, ""reference"": 0.99, ""other"": 0.99}, {""replicate"": 21, ""reference"": 0.985, ""other"": 0.945}, {""replicate"": 22, ""reference"": 0.98, ""other"": 0.975}, {""replicate"": 23, ""reference"": 0.99, ""other"": 0.99}, {""replicate"": 24, ""reference"": 1.0, ""other"": 0.985}, {""replicate"": 25, ""reference"": 1.0, ""other"": 0.975}, {""replicate"": 26, ""reference"": 0.985, ""other"": 0.995}, {""replicate"": 27, ""reference"": 1.0, ""other"": 0.975}, {""replicate"": 28, ""reference"": 0.975, ""other"": 0.98}, {""replicate"": 29, ""reference"": 0.99, ""other"": 0.98}, {""replicate"": 30, ""reference"": 0.97, ""other"": 0.98}]",0.005167428187888639,True,cgp,25,F
xor,test_accuracy,cgp - cgp_random_matched,cgp,cgp_random_matched,30,0.0005000000000000004,0.0,0.0,0.0050000000000000044,0.41302839990299256,14,"[{""replicate"": 1, ""reference"": 0.98, ""other"": 0.99}, {""replicate"": 2, ""reference"": 0.99, ""other"": 0.99}, {""replicate"": 3, ""reference"": 0.99, ""other"": 0.985}, {""replicate"": 4, ""reference"": 0.995, ""other"": 0.99}, {""replicate"": 5, ""reference"": 1.0, ""other"": 0.99}, {""replicate"": 6, ""reference"": 0.995, ""other"": 0.98}, {""replicate"": 7, ""reference"": 1.0, ""other"": 0.995}, {""replicate"": 8, ""reference"": 0.98, ""other"": 0.985}, {""replicate"": 9, ""reference"": 0.99, ""other"": 1.0}, {""replicate"": 10, ""reference"": 0.995, ""other"": 0.98}, {""replicate"": 11, ""reference"": 0.975, ""other"": 0.975}, {""replicate"": 12, ""reference"": 1.0, ""other"": 1.0}, {""replicate"": 13, ""reference"": 0.995, ""other"": 0.995}, {""replicate"": 14, ""reference"": 0.97, ""other"": 1.0}, {""replicate"": 15, ""reference"": 0.995, ""other"": 0.995}, {""replicate"": 16, ""reference"": 0.995, ""other"": 0.98}, {""replicate"": 17, ""reference"": 0.995, ""other"": 0.99}, {""replicate"": 18, ""reference"": 0.975, ""other"": 0.965}, {""replicate"": 19, ""reference"": 1.0, ""other"": 1.0}, {""replicate"": 20, ""reference"": 0.99, ""other"": 0.98}, {""replicate"": 21, ""reference"": 0.985, ""other"": 0.99}, {""replicate"": 22, ""reference"": 0.98, ""other"": 0.985}, {""replicate"": 23, ""reference"": 0.99, ""other"": 0.99}, {""replicate"": 24, ""reference"": 1.0, ""other"": 0.99}, {""replicate"": 25, ""reference"": 1.0, ""other"": 0.995}, {""replicate"": 26, ""reference"": 0.985, ""other"": 0.99}, {""replicate"": 27, ""reference"": 1.0, ""other"": 0.99}, {""replicate"": 28, ""reference"": 0.975, ""other"": 0.995}, {""replicate"": 29, ""reference"": 0.99, ""other"": 0.985}, {""replicate"": 30, ""reference"": 0.97, ""other"": 0.99}]",1.0,False,cgp,25,F
circle,test_accuracy,cgp - bpneat,cgp,bpneat,30,0.0021666666666666687,0.0,0.0,0.0050000000000000044,0.2232151129602431,14,"[{""replicate"": 1, ""reference"": 0.995, ""other"": 0.99}, {""replicate"": 2, ""reference"": 0.975, ""other"": 0.965}, {""replicate"": 3, ""reference"": 0.995, ""other"": 1.0}, {""replicate"": 4, ""reference"": 0.99, ""other"": 0.985}, {""replicate"": 5, ""reference"": 0.99, ""other"": 0.975}, {""replicate"": 6, ""reference"": 0.985, ""other"": 0.99}, {""replicate"": 7, ""reference"": 0.975, ""other"": 0.975}, {""replicate"": 8, ""reference"": 0.995, ""other"": 0.985}, {""replicate"": 9, ""reference"": 0.98, ""other"": 0.98}, {""replicate"": 10, ""reference"": 0.985, ""other"": 0.985}, {""replicate"": 11, ""reference"": 0.99, ""other"": 0.96}, {""replicate"": 12, ""reference"": 0.99, ""other"": 0.995}, {""replicate"": 13, ""reference"": 0.995, ""other"": 0.99}, {""replicate"": 14, ""reference"": 0.985, ""other"": 0.99}, {""replicate"": 15, ""reference"": 0.985, ""other"": 0.995}, {""replicate"": 16, ""reference"": 0.97, ""other"": 0.955}, {""replicate"": 17, ""reference"": 0.995, ""other"": 0.995}, {""replicate"": 18, ""reference"": 0.99, ""other"": 0.98}, {""replicate"": 19, ""reference"": 0.995, ""other"": 1.0}, {""replicate"": 20, ""reference"": 0.98, ""other"": 0.975}, {""replicate"": 21, ""reference"": 0.985, ""other"": 0.99}, {""replicate"": 22, ""reference"": 0.975, ""other"": 0.965}, {""replicate"": 23, ""reference"": 0.995, ""other"": 0.995}, {""replicate"": 24, ""reference"": 0.99, ""other"": 0.985}, {""replicate"": 25, ""reference"": 0.99, ""other"": 0.985}, {""replicate"": 26, ""reference"": 1.0, ""other"": 1.0}, {""replicate"": 27, ""reference"": 0.985, ""other"": 0.985}, {""replicate"": 28, ""reference"": 0.98, ""other"": 0.99}, {""replicate"": 29, ""reference"": 0.965, ""other"": 0.985}, {""replicate"": 30, ""reference"": 0.98, ""other"": 0.975}]",1.0,False,cgp,25,G
circle,test_accuracy,cgp - fixed_tanh_ha,cgp,fixed_tanh_ha,30,0.015500000000000014,0.015000000000000013,0.010000000000000009,0.020000000000000018,9.316127173949223e-06,27,"[{""replicate"": 1, ""reference"": 0.995, ""other"": 0.985}, {""replicate"": 2, ""reference"": 0.975, ""other"": 0.955}, {""replicate"": 3, ""reference"": 0.995, ""other"": 0.98}, {""replicate"": 4, ""reference"": 0.99, ""other"": 0.965}, {""replicate"": 5, ""reference"": 0.99, ""other"": 0.96}, {""replicate"": 6, ""reference"": 0.985, ""other"": 0.97}, {""replicate"": 7, ""reference"": 0.975, ""other"": 0.96}, {""replicate"": 8, ""reference"": 0.995, ""other"": 0.98}, {""replicate"": 9, ""reference"": 0.98, ""other"": 0.975}, {""replicate"": 10, ""reference"": 0.985, ""other"": 0.955}, {""replicate"": 11, ""reference"": 0.99, ""other"": 0.98}, {""replicate"": 12, ""reference"": 0.99, ""other"": 0.96}, {""replicate"": 13, ""reference"": 0.995, ""other"": 0.97}, {""replicate"": 14, ""reference"": 0.985, ""other"": 0.975}, {""replicate"": 15, ""reference"": 0.985, ""other"": 0.965}, {""replicate"": 16, ""reference"": 0.97, ""other"": 0.97}, {""replicate"": 17, ""reference"": 0.995, ""other"": 0.98}, {""replicate"": 18, ""reference"": 0.99, ""other"": 0.965}, {""replicate"": 19, ""reference"": 0.995, ""other"": 0.985}, {""replicate"": 20, ""reference"": 0.98, ""other"": 0.95}, {""replicate"": 21, ""reference"": 0.985, ""other"": 0.99}, {""replicate"": 22, ""reference"": 0.975, ""other"": 0.965}, {""replicate"": 23, ""reference"": 0.995, ""other"": 0.97}, {""replicate"": 24, ""reference"": 0.99, ""other"": 0.975}, {""replicate"": 25, ""reference"": 0.99, ""other"": 0.98}, {""replicate"": 26, ""reference"": 1.0, ""other"": 0.98}, {""replicate"": 27, ""reference"": 0.985, ""other"": 0.975}, {""replicate"": 28, ""reference"": 0.98, ""other"": 0.97}, {""replicate"": 29, ""reference"": 0.965, ""other"": 0.98}, {""replicate"": 30, ""reference"": 0.98, ""other"": 0.95}]",0.00019563867065293367,True,cgp,25,F
circle,test_accuracy,cgp - fixed_tanh_matched_cgp,cgp,fixed_tanh_matched_cgp,30,0.006500000000000006,0.0050000000000000044,0.0,0.010000000000000009,0.0031996870071349065,17,"[{""replicate"": 1, ""reference"": 0.995, ""other"": 0.995}, {""replicate"": 2, ""reference"": 0.975, ""other"": 0.96}, {""replicate"": 3, ""reference"": 0.995, ""other"": 0.975}, {""replicate"": 4, ""reference"": 0.99, ""other"": 0.98}, {""replicate"": 5, ""reference"": 0.99, ""other"": 0.96}, {""replicate"": 6, ""reference"": 0.985, ""other"": 0.975}, {""replicate"": 7, ""reference"": 0.975, ""other"": 0.98}, {""replicate"": 8, ""reference"": 0.995, ""other"": 0.99}, {""replicate"": 9, ""reference"": 0.98, ""other"": 0.98}, {""replicate"": 10, ""reference"": 0.985, ""other"": 0.98}, {""replicate"": 11, ""reference"": 0.99, ""other"": 0.99}, {""replicate"": 12, ""reference"": 0.99, ""other"": 0.975}, {""replicate"": 13, ""reference"": 0.995, ""other"": 0.98}, {""replicate"": 14, ""reference"": 0.985, ""other"": 0.99}, {""replicate"": 15, ""reference"": 0.985, ""other"": 0.985}, {""replicate"": 16, ""reference"": 0.97, ""other"": 0.955}, {""replicate"": 17, ""reference"": 0.995, ""other"": 0.99}, {""replicate"": 18, ""reference"": 0.99, ""other"": 0.965}, {""replicate"": 19, ""reference"": 0.995, ""other"": 0.985}, {""replicate"": 20, ""reference"": 0.98, ""other"": 0.98}, {""replicate"": 21, ""reference"": 0.985, ""other"": 0.99}, {""replicate"": 22, ""reference"": 0.975, ""other"": 0.965}, {""replicate"": 23, ""reference"": 0.995, ""other"": 0.98}, {""replicate"": 24, ""reference"": 0.99, ""other"": 0.975}, {""replicate"": 25, ""reference"": 0.99, ""other"": 0.99}, {""replicate"": 26, ""reference"": 1.0, ""other"": 0.99}, {""replicate"": 27, ""reference"": 0.985, ""other"": 0.985}, {""replicate"": 28, ""reference"": 0.98, ""other"": 0.985}, {""replicate"": 29, ""reference"": 0.965, ""other"": 0.98}, {""replicate"": 30, ""reference"": 0.98, ""other"": 0.98}]",0.04479561809988869,True,cgp,25,F
circle,test_accuracy,cgp - fixed_mixed_matched_cgp,cgp,fixed_mixed_matched_cgp,30,0.0006666666666666673,0.0,-0.0025000000000000022,0.0050000000000000044,0.8193068249120995,13,"[{""replicate"": 1, ""reference"": 0.995, ""other"": 0.995}, {""replicate"": 2, ""reference"": 0.975, ""other"": 0.985}, {""replicate"": 3, ""reference"": 0.995, ""other"": 0.995}, {""replicate"": 4, ""reference"": 0.99, ""other"": 0.99}, {""replicate"": 5, ""reference"": 0.99, ""other"": 0.955}, {""replicate"": 6, ""reference"": 0.985, ""other"": 0.98}, {""replicate"": 7, ""reference"": 0.975, ""other"": 0.985}, {""replicate"": 8, ""reference"": 0.995, ""other"": 0.99}, {""replicate"": 9, ""reference"": 0.98, ""other"": 0.97}, {""replicate"": 10, ""reference"": 0.985, ""other"": 0.995}, {""replicate"": 11, ""reference"": 0.99, ""other"": 0.995}, {""replicate"": 12, ""reference"": 0.99, ""other"": 1.0}, {""replicate"": 13, ""reference"": 0.995, ""other"": 0.975}, {""replicate"": 14, ""reference"": 0.985, ""other"": 0.98}, {""replicate"": 15, ""reference"": 0.985, ""other"": 0.985}, {""replicate"": 16, ""reference"": 0.97, ""other"": 0.985}, {""replicate"": 17, ""reference"": 0.995, ""other"": 0.995}, {""replicate"": 18, ""reference"": 0.99, ""other"": 0.985}, {""replicate"": 19, ""reference"": 0.995, ""other"": 0.99}, {""replicate"": 20, ""reference"": 0.98, ""other"": 0.975}, {""replicate"": 21, ""reference"": 0.985, ""other"": 0.99}, {""replicate"": 22, ""reference"": 0.975, ""other"": 0.965}, {""replicate"": 23, ""reference"": 0.995, ""other"": 0.99}, {""replicate"": 24, ""reference"": 0.99, ""other"": 0.985}, {""replicate"": 25, ""reference"": 0.99, ""other"": 0.99}, {""replicate"": 26, ""reference"": 1.0, ""other"": 0.99}, {""replicate"": 27, ""reference"": 0.985, ""other"": 0.99}, {""replicate"": 28, ""reference"": 0.98, ""other"": 0.99}, {""replicate"": 29, ""reference"": 0.965, ""other"": 0.99}, {""replicate"": 30, ""reference"": 0.98, ""other"": 0.98}]",1.0,False,cgp,25,F
circle,test_accuracy,cgp - cgp_random_matched,cgp,cgp_random_matched,30,0.0015000000000000013,0.0,0.0,0.0050000000000000044,0.2401291276217533,14,"[{""replicate"": 1, ""reference"": 0.995, ""other"": 0.995}, {""replicate"": 2, ""reference"": 0.975, ""other"": 0.99}, {""replicate"": 3, ""reference"": 0.995, ""other"": 0.995}, {""replicate"": 4, ""reference"": 0.99, ""other"": 0.985}, {""replicate"": 5, ""reference"": 0.99, ""other"": 0.98}, {""replicate"": 6, ""reference"": 0.985, ""other"": 0.99}, {""replicate"": 7, ""reference"": 0.975, ""other"": 0.98}, {""replicate"": 8, ""reference"": 0.995, ""other"": 0.99}, {""replicate"": 9, ""reference"": 0.98, ""other"": 0.965}, {""replicate"": 10, ""reference"": 0.985, ""other"": 0.975}, {""replicate"": 11, ""reference"": 0.99, ""other"": 0.98}, {""replicate"": 12, ""reference"": 0.99, ""other"": 0.99}, {""replicate"": 13, ""reference"": 0.995, ""other"": 0.985}, {""replicate"": 14, ""reference"": 0.985, ""other"": 0.97}, {""replicate"": 15, ""reference"": 0.985, ""other"": 0.99}, {""replicate"": 16, ""reference"": 0.97, ""other"": 0.98}, {""replicate"": 17, ""reference"": 0.995, ""other"": 0.99}, {""replicate"": 18, ""reference"": 0.99, ""other"": 0.99}, {""replicate"": 19, ""reference"": 0.995, ""other"": 0.995}, {""replicate"": 20, ""reference"": 0.98, ""other"": 0.98}, {""replicate"": 21, ""reference"": 0.985, ""other"": 0.99}, {""replicate"": 22, ""reference"": 0.975, ""other"": 0.965}, {""replicate"": 23, ""reference"": 0.995, ""other"": 0.995}, {""replicate"": 24, ""reference"": 0.99, ""other"": 0.98}, {""replicate"": 25, ""reference"": 0.99, ""other"": 0.985}, {""replicate"": 26, ""reference"": 1.0, ""other"": 0.995}, {""replicate"": 27, ""reference"": 0.985, ""other"": 0.99}, {""replicate"": 28, ""reference"": 0.98, ""other"": 0.985}, {""replicate"": 29, ""reference"": 0.965, ""other"": 0.985}, {""replicate"": 30, ""reference"": 0.98, ""other"": 0.975}]",1.0,False,cgp,25,F
spiral,test_accuracy,cgp - bpneat,cgp,bpneat,30,-0.050166666666666665,-0.0675,-0.09749999999999998,-0.007500000000000007,0.0049835041230343,9,"[{""replicate"": 1, ""reference"": 0.785, ""other"": 0.835}, {""replicate"": 2, ""reference"": 0.72, ""other"": 0.75}, {""replicate"": 3, ""reference"": 0.74, ""other"": 0.705}, {""replicate"": 4, ""reference"": 0.59, ""other"": 0.745}, {""replicate"": 5, ""reference"": 0.76, ""other"": 0.75}, {""replicate"": 6, ""reference"": 0.7, ""other"": 0.885}, {""replicate"": 7, ""reference"": 0.805, ""other"": 0.875}, {""replicate"": 8, ""reference"": 0.795, ""other"": 0.78}, {""replicate"": 9, ""reference"": 0.72, ""other"": 0.815}, {""replicate"": 10, ""reference"": 0.815, ""other"": 0.75}, {""replicate"": 11, ""reference"": 0.73, ""other"": 0.74}, {""replicate"": 12, ""reference"": 0.73, ""other"": 0.81}, {""replicate"": 13, ""reference"": 0.75, ""other"": 0.82}, {""replicate"": 14, ""reference"": 0.76, ""other"": 0.91}, {""replicate"": 15, ""reference"": 0.73, ""other"": 0.83}, {""replicate"": 16, ""reference"": 0.69, ""other"": 0.755}, {""replicate"": 17, ""reference"": 0.725, ""other"": 0.83}, {""replicate"": 18, ""reference"": 0.76, ""other"": 0.885}, {""replicate"": 19, ""reference"": 0.605, ""other"": 0.76}, {""replicate"": 20, ""reference"": 0.715, ""other"": 0.83}, {""replicate"": 21, ""reference"": 0.805, ""other"": 0.76}, {""replicate"": 22, ""reference"": 0.885, ""other"": 0.785}, {""replicate"": 23, ""reference"": 0.835, ""other"": 0.805}, {""replicate"": 24, ""reference"": 0.615, ""other"": 0.75}, {""replicate"": 25, ""reference"": 0.77, ""other"": 0.775}, {""replicate"": 26, ""reference"": 0.685, ""other"": 0.74}, {""replicate"": 27, ""reference"": 0.585, ""other"": 0.785}, {""replicate"": 28, ""reference"": 0.77, ""other"": 0.72}, {""replicate"": 29, ""reference"": 0.75, ""other"": 0.82}, {""replicate"": 30, ""reference"": 0.9, ""other"": 0.73}]",0.0598020494764116,False,cgp,25,G
spiral,test_accuracy,cgp - fixed_tanh_ha,cgp,fixed_tanh_ha,30,0.10049999999999998,0.11249999999999999,0.06749999999999995,0.1325,1.711230270883235e-05,26,"[{""replicate"": 1, ""reference"": 0.785, ""other"": 0.675}, {""replicate"": 2, ""reference"": 0.72, ""other"": 0.675}, {""replicate"": 3, ""reference"": 0.74, ""other"": 0.625}, {""replicate"": 4, ""reference"": 0.59, ""other"": 0.595}, {""replicate"": 5, ""reference"": 0.76, ""other"": 0.63}, {""replicate"": 6, ""reference"": 0.7, ""other"": 0.64}, {""replicate"": 7, ""reference"": 0.805, ""other"": 0.62}, {""replicate"": 8, ""reference"": 0.795, ""other"": 0.61}, {""replicate"": 9, ""reference"": 0.72, ""other"": 0.62}, {""replicate"": 10, ""reference"": 0.815, ""other"": 0.665}, {""replicate"": 11, ""reference"": 0.73, ""other"": 0.595}, {""replicate"": 12, ""reference"": 0.73, ""other"": 0.67}, {""replicate"": 13, ""reference"": 0.75, ""other"": 0.625}, {""replicate"": 14, ""reference"": 0.76, ""other"": 0.65}, {""replicate"": 15, ""reference"": 0.73, ""other"": 0.61}, {""replicate"": 16, ""reference"": 0.69, ""other"": 0.67}, {""replicate"": 17, ""reference"": 0.725, ""other"": 0.65}, {""replicate"": 18, ""reference"": 0.76, ""other"": 0.655}, {""replicate"": 19, ""reference"": 0.605, ""other"": 0.625}, {""replicate"": 20, ""reference"": 0.715, ""other"": 0.67}, {""replicate"": 21, ""reference"": 0.805, ""other"": 0.675}, {""replicate"": 22, ""reference"": 0.885, ""other"": 0.645}, {""replicate"": 23, ""reference"": 0.835, ""other"": 0.665}, {""replicate"": 24, ""reference"": 0.615, ""other"": 0.68}, {""replicate"": 25, ""reference"": 0.77, ""other"": 0.625}, {""replicate"": 26, ""reference"": 0.685, ""other"": 0.665}, {""replicate"": 27, ""reference"": 0.585, ""other"": 0.65}, {""replicate"": 28, ""reference"": 0.77, ""other"": 0.605}, {""replicate"": 29, ""reference"": 0.75, ""other"": 0.595}, {""replicate"": 30, ""reference"": 0.9, ""other"": 0.63}]",0.00032513375146781464,True,cgp,25,F
spiral,test_accuracy,cgp - fixed_tanh_matched_cgp,cgp,fixed_tanh_matched_cgp,30,-0.12566666666666668,-0.1325,-0.16250000000000003,-0.10499999999999998,1.81624052193589e-06,0,"[{""replicate"": 1, ""reference"": 0.785, ""other"": 0.81}, {""replicate"": 2, ""reference"": 0.72, ""other"": 0.835}, {""replicate"": 3, ""reference"": 0.74, ""other"": 0.935}, {""replicate"": 4, ""reference"": 0.59, ""other"": 0.81}, {""replicate"": 5, ""reference"": 0.76, ""other"": 0.845}, {""replicate"": 6, ""reference"": 0.7, ""other"": 0.82}, {""replicate"": 7, ""reference"": 0.805, ""other"": 0.87}, {""replicate"": 8, ""reference"": 0.795, ""other"": 0.81}, {""replicate"": 9, ""reference"": 0.72, ""other"": 0.89}, {""replicate"": 10, ""reference"": 0.815, ""other"": 0.945}, {""replicate"": 11, ""reference"": 0.73, ""other"": 0.895}, {""replicate"": 12, ""reference"": 0.73, ""other"": 0.89}, {""replicate"": 13, ""reference"": 0.75, ""other"": 0.85}, {""replicate"": 14, ""reference"": 0.76, ""other"": 0.94}, {""replicate"": 15, ""reference"": 0.73, ""other"": 0.905}, {""replicate"": 16, ""reference"": 0.69, ""other"": 0.845}, {""replicate"": 17, ""reference"": 0.725, ""other"": 0.87}, {""replicate"": 18, ""reference"": 0.76, ""other"": 0.86}, {""replicate"": 19, ""reference"": 0.605, ""other"": 0.795}, {""replicate"": 20, ""reference"": 0.715, ""other"": 0.89}, {""replicate"": 21, ""reference"": 0.805, ""other"": 0.925}, {""replicate"": 22, ""reference"": 0.885, ""other"": 0.885}, {""replicate"": 23, ""reference"": 0.835, ""other"": 0.885}, {""replicate"": 24, ""reference"": 0.615, ""other"": 0.79}, {""replicate"": 25, ""reference"": 0.77, ""other"": 0.905}, {""replicate"": 26, ""reference"": 0.685, ""other"": 0.795}, {""replicate"": 27, ""reference"": 0.585, ""other"": 0.89}, {""replicate"": 28, ""reference"": 0.77, ""other"": 0.905}, {""replicate"": 29, ""reference"": 0.75, ""other"": 0.78}, {""replicate"": 30, ""reference"": 0.9, ""other"": 0.925}]",4.279017481028635e-05,True,cgp,25,F
spiral,test_accuracy,cgp - fixed_mixed_matched_cgp,cgp,fixed_mixed_matched_cgp,30,-0.21933333333333332,-0.21999999999999997,-0.24,-0.1875,1.711606992411454e-06,0,"[{""replicate"": 1, ""reference"": 0.785, ""other"": 0.965}, {""replicate"": 2, ""reference"": 0.72, ""other"": 0.965}, {""replicate"": 3, ""reference"": 0.74, ""other"": 0.96}, {""replicate"": 4, ""reference"": 0.59, ""other"": 0.975}, {""replicate"": 5, ""reference"": 0.76, ""other"": 0.95}, {""replicate"": 6, ""reference"": 0.7, ""other"": 0.965}, {""replicate"": 7, ""reference"": 0.805, ""other"": 0.96}, {""replicate"": 8, ""reference"": 0.795, ""other"": 0.97}, {""replicate"": 9, ""reference"": 0.72, ""other"": 0.96}, {""replicate"": 10, ""reference"": 0.815, ""other"": 0.98}, {""replicate"": 11, ""reference"": 0.73, ""other"": 0.95}, {""replicate"": 12, ""reference"": 0.73, ""other"": 0.95}, {""replicate"": 13, ""reference"": 0.75, ""other"": 0.945}, {""replicate"": 14, ""reference"": 0.76, ""other"": 0.98}, {""replicate"": 15, ""reference"": 0.73, ""other"": 0.97}, {""replicate"": 16, ""reference"": 0.69, ""other"": 0.96}, {""replicate"": 17, ""reference"": 0.725, ""other"": 0.965}, {""replicate"": 18, ""reference"": 0.76, ""other"": 0.945}, {""replicate"": 19, ""reference"": 0.605, ""other"": 0.95}, {""replicate"": 20, ""reference"": 0.715, ""other"": 0.955}, {""replicate"": 21, ""reference"": 0.805, ""other"": 0.965}, {""replicate"": 22, ""reference"": 0.885, ""other"": 0.96}, {""replicate"": 23, ""reference"": 0.835, ""other"": 0.955}, {""replicate"": 24, ""reference"": 0.615, ""other"": 0.955}, {""replicate"": 25, ""reference"": 0.77, ""other"": 0.96}, {""replicate"": 26, ""reference"": 0.685, ""other"": 0.96}, {""replicate"": 27, ""reference"": 0.585, ""other"": 0.955}, {""replicate"": 28, ""reference"": 0.77, ""other"": 0.97}, {""replicate"": 29, ""reference"": 0.75, ""other"": 0.935}, {""replicate"": 30, ""reference"": 0.9, ""other"": 0.97}]",4.279017481028635e-05,True,cgp,25,F
spiral,test_accuracy,cgp - cgp_random_matched,cgp,cgp_random_matched,30,-0.01650000000000001,-0.015000000000000013,-0.04749999999999999,0.012500000000000011,0.34919260441155586,12,"[{""replicate"": 1, ""reference"": 0.785, ""other"": 0.745}, {""replicate"": 2, ""reference"": 0.72, ""other"": 0.765}, {""replicate"": 3, ""reference"": 0.74, ""other"": 0.795}, {""replicate"": 4, ""reference"": 0.59, ""other"": 0.775}, {""replicate"": 5, ""reference"": 0.76, ""other"": 0.685}, {""replicate"": 6, ""reference"": 0.7, ""other"": 0.765}, {""replicate"": 7, ""reference"": 0.805, ""other"": 0.74}, {""replicate"": 8, ""reference"": 0.795, ""other"": 0.71}, {""replicate"": 9, ""reference"": 0.72, ""other"": 0.725}, {""replicate"": 10, ""reference"": 0.815, ""other"": 0.81}, {""replicate"": 11, ""reference"": 0.73, ""other"": 0.765}, {""replicate"": 12, ""reference"": 0.73, ""other"": 0.765}, {""replicate"": 13, ""reference"": 0.75, ""other"": 0.81}, {""replicate"": 14, ""reference"": 0.76, ""other"": 0.765}, {""replicate"": 15, ""reference"": 0.73, ""other"": 0.76}, {""replicate"": 16, ""reference"": 0.69, ""other"": 0.765}, {""replicate"": 17, ""reference"": 0.725, ""other"": 0.75}, {""replicate"": 18, ""reference"": 0.76, ""other"": 0.745}, {""replicate"": 19, ""reference"": 0.605, ""other"": 0.78}, {""replicate"": 20, ""reference"": 0.715, ""other"": 0.77}, {""replicate"": 21, ""reference"": 0.805, ""other"": 0.73}, {""replicate"": 22, ""reference"": 0.885, ""other"": 0.725}, {""replicate"": 23, ""reference"": 0.835, ""other"": 0.825}, {""replicate"": 24, ""reference"": 0.615, ""other"": 0.755}, {""replicate"": 25, ""reference"": 0.77, ""other"": 0.73}, {""replicate"": 26, ""reference"": 0.685, ""other"": 0.735}, {""replicate"": 27, ""reference"": 0.585, ""other"": 0.81}, {""replicate"": 28, ""reference"": 0.77, ""other"": 0.735}, {""replicate"": 29, ""reference"": 0.75, ""other"": 0.755}, {""replicate"": 30, ""reference"": 0.9, ""other"": 0.73}]",1.0,False,cgp,25,F
checkerboard,test_accuracy,cgp - bpneat,cgp,bpneat,30,-0.03716666666666667,-0.02999999999999997,-0.10249999999999998,0.02250000000000002,0.15572683962712178,12,"[{""replicate"": 1, ""reference"": 0.51, ""other"": 0.47}, {""replicate"": 2, ""reference"": 0.5, ""other"": 0.485}, {""replicate"": 3, ""reference"": 0.705, ""other"": 0.7}, {""replicate"": 4, ""reference"": 0.685, ""other"": 0.715}, {""replicate"": 5, ""reference"": 0.585, ""other"": 0.59}, {""replicate"": 6, ""reference"": 0.54, ""other"": 0.615}, {""replicate"": 7, ""reference"": 0.745, ""other"": 0.595}, {""replicate"": 8, ""reference"": 0.605, ""other"": 0.69}, {""replicate"": 9, ""reference"": 0.52, ""other"": 0.68}, {""replicate"": 10, ""reference"": 0.535, ""other"": 0.705}, {""replicate"": 11, ""reference"": 0.495, ""other"": 0.73}, {""replicate"": 12, ""reference"": 0.485, ""other"": 0.715}, {""replicate"": 13, ""reference"": 0.49, ""other"": 0.52}, {""replicate"": 14, ""reference"": 0.695, ""other"": 0.55}, {""replicate"": 15, ""reference"": 0.715, ""other"": 0.72}, {""replicate"": 16, ""reference"": 0.58, ""other"": 0.655}, {""replicate"": 17, ""reference"": 0.57, ""other"": 0.645}, {""replicate"": 18, ""reference"": 0.66, ""other"": 0.63}, {""replicate"": 19, ""reference"": 0.725, ""other"": 0.545}, {""replicate"": 20, ""reference"": 0.485, ""other"": 0.68}, {""replicate"": 21, ""reference"": 0.74, ""other"": 0.535}, {""replicate"": 22, ""reference"": 0.43, ""other"": 0.705}, {""replicate"": 23, ""reference"": 0.685, ""other"": 0.61}, {""replicate"": 24, ""reference"": 0.685, ""other"": 0.5}, {""replicate"": 25, ""reference"": 0.455, ""other"": 0.69}, {""replicate"": 26, ""reference"": 0.64, ""other"": 0.49}, {""replicate"": 27, ""reference"": 0.48, ""other"": 0.685}, {""replicate"": 28, ""reference"": 0.53, ""other"": 0.695}, {""replicate"": 29, ""reference"": 0.555, ""other"": 0.675}, {""replicate"": 30, ""reference"": 0.49, ""other"": 0.415}]",1.0,False,cgp,25,G
checkerboard,test_accuracy,cgp - fixed_tanh_ha,cgp,fixed_tanh_ha,30,0.014000000000000009,-0.0050000000000000044,-0.04750000000000004,0.07999999999999996,0.47777277584301947,15,"[{""replicate"": 1, ""reference"": 0.51, ""other"": 0.585}, {""replicate"": 2, ""reference"": 0.5, ""other"": 0.575}, {""replicate"": 3, ""reference"": 0.705, ""other"": 0.575}, {""replicate"": 4, ""reference"": 0.685, ""other"": 0.585}, {""replicate"": 5, ""reference"": 0.585, ""other"": 0.605}, {""replicate"": 6, ""reference"": 0.54, ""other"": 0.57}, {""replicate"": 7, ""reference"": 0.745, ""other"": 0.595}, {""replicate"": 8, ""reference"": 0.605, ""other"": 0.45}, {""replicate"": 9, ""reference"": 0.52, ""other"": 0.51}, {""replicate"": 10, ""reference"": 0.535, ""other"": 0.57}, {""replicate"": 11, ""reference"": 0.495, ""other"": 0.58}, {""replicate"": 12, ""reference"": 0.485, ""other"": 0.54}, {""replicate"": 13, ""reference"": 0.49, ""other"": 0.605}, {""replicate"": 14, ""reference"": 0.695, ""other"": 0.54}, {""replicate"": 15, ""reference"": 0.715, ""other"": 0.485}, {""replicate"": 16, ""reference"": 0.58, ""other"": 0.46}, {""replicate"": 17, ""reference"": 0.57, ""other"": 0.61}, {""replicate"": 18, ""reference"": 0.66, ""other"": 0.63}, {""replicate"": 19, ""reference"": 0.725, ""other"": 0.64}, {""replicate"": 20, ""reference"": 0.485, ""other"": 0.515}, {""replicate"": 21, ""reference"": 0.74, ""other"": 0.665}, {""replicate"": 22, ""reference"": 0.43, ""other"": 0.505}, {""replicate"": 23, ""reference"": 0.685, ""other"": 0.6}, {""replicate"": 24, ""reference"": 0.685, ""other"": 0.625}, {""replicate"": 25, ""reference"": 0.455, ""other"": 0.58}, {""replicate"": 26, ""reference"": 0.64, ""other"": 0.525}, {""replicate"": 27, ""reference"": 0.48, ""other"": 0.61}, {""replicate"": 28, ""reference"": 0.53, ""other"": 0.645}, {""replicate"": 29, ""reference"": 0.555, ""other"": 0.545}, {""replicate"": 30, ""reference"": 0.49, ""other"": 0.575}]",1.0,False,cgp,25,F
checkerboard,test_accuracy,cgp - fixed_tanh_matched_cgp,cgp,fixed_tanh_matched_cgp,30,-0.11116666666666666,-0.125,-0.17749999999999994,-0.07,3.393873318055968e-05,6,"[{""replicate"": 1, ""reference"": 0.51, ""other"": 0.735}, {""replicate"": 2, ""reference"": 0.5, ""other"": 0.75}, {""replicate"": 3, ""reference"": 0.705, ""other"": 0.675}, {""replicate"": 4, ""reference"": 0.685, ""other"": 0.715}, {""replicate"": 5, ""reference"": 0.585, ""other"": 0.68}, {""replicate"": 6, ""reference"": 0.54, ""other"": 0.665}, {""replicate"": 7, ""reference"": 0.745, ""other"": 0.73}, {""replicate"": 8, ""reference"": 0.605, ""other"": 0.69}, {""replicate"": 9, ""reference"": 0.52, ""other"": 0.735}, {""replicate"": 10, ""reference"": 0.535, ""other"": 0.715}, {""replicate"": 11, ""reference"": 0.495, ""other"": 0.685}, {""replicate"": 12, ""reference"": 0.485, ""other"": 0.655}, {""replicate"": 13, ""reference"": 0.49, ""other"": 0.68}, {""replicate"": 14, ""reference"": 0.695, ""other"": 0.64}, {""replicate"": 15, ""reference"": 0.715, ""other"": 0.705}, {""replicate"": 16, ""reference"": 0.58, ""other"": 0.705}, {""replicate"": 17, ""reference"": 0.57, ""other"": 0.66}, {""replicate"": 18, ""reference"": 0.66, ""other"": 0.675}, {""replicate"": 19, ""reference"": 0.725, ""other"": 0.685}, {""replicate"": 20, ""reference"": 0.485, ""other"": 0.675}, {""replicate"": 21, ""reference"": 0.74, ""other"": 0.805}, {""replicate"": 22, ""reference"": 0.43, ""other"": 0.64}, {""replicate"": 23, ""reference"": 0.685, ""other"": 0.635}, {""replicate"": 24, ""reference"": 0.685, ""other"": 0.735}, {""replicate"": 25, ""reference"": 0.455, ""other"": 0.61}, {""replicate"": 26, ""reference"": 0.64, ""other"": 0.715}, {""replicate"": 27, ""reference"": 0.48, ""other"": 0.685}, {""replicate"": 28, ""reference"": 0.53, ""other"": 0.705}, {""replicate"": 29, ""reference"": 0.555, ""other"": 0.7}, {""replicate"": 30, ""reference"": 0.49, ""other"": 0.77}]",0.0006108971972500742,True,cgp,25,F
checkerboard,test_accuracy,cgp - fixed_mixed_matched_cgp,cgp,fixed_mixed_matched_cgp,30,-0.1288333333333333,-0.14999999999999997,-0.20749999999999996,-0.07249999999999995,1.3544126580875392e-05,4,"[{""replicate"": 1, ""reference"": 0.51, ""other"": 0.735}, {""replicate"": 2, ""reference"": 0.5, ""other"": 0.72}, {""replicate"": 3, ""reference"": 0.705, ""other"": 0.66}, {""replicate"": 4, ""reference"": 0.685, ""other"": 0.755}, {""replicate"": 5, ""reference"": 0.585, ""other"": 0.685}, {""replicate"": 6, ""reference"": 0.54, ""other"": 0.695}, {""replicate"": 7, ""reference"": 0.745, ""other"": 0.775}, {""replicate"": 8, ""reference"": 0.605, ""other"": 0.72}, {""replicate"": 9, ""reference"": 0.52, ""other"": 0.695}, {""replicate"": 10, ""reference"": 0.535, ""other"": 0.715}, {""replicate"": 11, ""reference"": 0.495, ""other"": 0.73}, {""replicate"": 12, ""reference"": 0.485, ""other"": 0.7}, {""replicate"": 13, ""reference"": 0.49, ""other"": 0.72}, {""replicate"": 14, ""reference"": 0.695, ""other"": 0.69}, {""replicate"": 15, ""reference"": 0.715, ""other"": 0.72}, {""replicate"": 16, ""reference"": 0.58, ""other"": 0.725}, {""replicate"": 17, ""reference"": 0.57, ""other"": 0.62}, {""replicate"": 18, ""reference"": 0.66, ""other"": 0.735}, {""replicate"": 19, ""reference"": 0.725, ""other"": 0.655}, {""replicate"": 20, ""reference"": 0.485, ""other"": 0.695}, {""replicate"": 21, ""reference"": 0.74, ""other"": 0.8}, {""replicate"": 22, ""reference"": 0.43, ""other"": 0.715}, {""replicate"": 23, ""reference"": 0.685, ""other"": 0.625}, {""replicate"": 24, ""reference"": 0.685, ""other"": 0.755}, {""replicate"": 25, ""reference"": 0.455, ""other"": 0.695}, {""replicate"": 26, ""reference"": 0.64, ""other"": 0.725}, {""replicate"": 27, ""reference"": 0.48, ""other"": 0.705}, {""replicate"": 28, ""reference"": 0.53, ""other"": 0.71}, {""replicate"": 29, ""reference"": 0.555, ""other"": 0.76}, {""replicate"": 30, ""reference"": 0.49, ""other"": 0.75}]",0.00027088253161750784,True,cgp,25,F
checkerboard,test_accuracy,cgp - cgp_random_matched,cgp,cgp_random_matched,30,-0.11016666666666669,-0.09000000000000002,-0.15749999999999997,-0.05499999999999999,8.452157784696917e-06,3,"[{""replicate"": 1, ""reference"": 0.51, ""other"": 0.735}, {""replicate"": 2, ""reference"": 0.5, ""other"": 0.695}, {""replicate"": 3, ""reference"": 0.705, ""other"": 0.665}, {""replicate"": 4, ""reference"": 0.685, ""other"": 0.735}, {""replicate"": 5, ""reference"": 0.585, ""other"": 0.675}, {""replicate"": 6, ""reference"": 0.54, ""other"": 0.62}, {""replicate"": 7, ""reference"": 0.745, ""other"": 0.74}, {""replicate"": 8, ""reference"": 0.605, ""other"": 0.695}, {""replicate"": 9, ""reference"": 0.52, ""other"": 0.7}, {""replicate"": 10, ""reference"": 0.535, ""other"": 0.69}, {""replicate"": 11, ""reference"": 0.495, ""other"": 0.715}, {""replicate"": 12, ""reference"": 0.485, ""other"": 0.74}, {""replicate"": 13, ""reference"": 0.49, ""other"": 0.73}, {""replicate"": 14, ""reference"": 0.695, ""other"": 0.725}, {""replicate"": 15, ""reference"": 0.715, ""other"": 0.79}, {""replicate"": 16, ""reference"": 0.58, ""other"": 0.655}, {""replicate"": 17, ""reference"": 0.57, ""other"": 0.605}, {""replicate"": 18, ""reference"": 0.66, ""other"": 0.675}, {""replicate"": 19, ""reference"": 0.725, ""other"": 0.73}, {""replicate"": 20, ""reference"": 0.485, ""other"": 0.635}, {""replicate"": 21, ""reference"": 0.74, ""other"": 0.8}, {""replicate"": 22, ""reference"": 0.43, ""other"": 0.755}, {""replicate"": 23, ""reference"": 0.685, ""other"": 0.685}, {""replicate"": 24, ""reference"": 0.685, ""other"": 0.705}, {""replicate"": 25, ""reference"": 0.455, ""other"": 0.645}, {""replicate"": 26, ""reference"": 0.64, ""other"": 0.63}, {""replicate"": 27, ""reference"": 0.48, ""other"": 0.64}, {""replicate"": 28, ""reference"": 0.53, ""other"": 0.645}, {""replicate"": 29, ""reference"": 0.555, ""other"": 0.67}, {""replicate"": 30, ""reference"": 0.49, ""other"": 0.7}]",0.00018594747126333218,True,cgp,25,F
spiral3,test_accuracy,cgp - bpneat,cgp,bpneat,30,-0.03233333333333332,-0.03249999999999997,-0.05499999999999994,-0.012500000000000011,0.002487105121811845,6,"[{""replicate"": 1, ""reference"": 0.48, ""other"": 0.615}, {""replicate"": 2, ""reference"": 0.635, ""other"": 0.54}, {""replicate"": 3, ""reference"": 0.63, ""other"": 0.63}, {""replicate"": 4, ""reference"": 0.56, ""other"": 0.515}, {""replicate"": 5, ""reference"": 0.53, ""other"": 0.64}, {""replicate"": 6, ""reference"": 0.545, ""other"": 0.59}, {""replicate"": 7, ""reference"": 0.58, ""other"": 0.595}, {""replicate"": 8, ""reference"": 0.535, ""other"": 0.585}, {""replicate"": 9, ""reference"": 0.605, ""other"": 0.635}, {""replicate"": 10, ""reference"": 0.54, ""other"": 0.615}, {""replicate"": 11, ""reference"": 0.52, ""other"": 0.625}, {""replicate"": 12, ""reference"": 0.51, ""other"": 0.54}, {""replicate"": 13, ""reference"": 0.535, ""other"": 0.59}, {""replicate"": 14, ""reference"": 0.58, ""other"": 0.6}, {""replicate"": 15, ""reference"": 0.55, ""other"": 0.635}, {""replicate"": 16, ""reference"": 0.55, ""other"": 0.635}, {""replicate"": 17, ""reference"": 0.675, ""other"": 0.655}, {""replicate"": 18, ""reference"": 0.55, ""other"": 0.605}, {""replicate"": 19, ""reference"": 0.555, ""other"": 0.545}, {""replicate"": 20, ""reference"": 0.565, ""other"": 0.645}, {""replicate"": 21, ""reference"": 0.53, ""other"": 0.59}, {""replicate"": 22, ""reference"": 0.59, ""other"": 0.52}, {""replicate"": 23, ""reference"": 0.535, ""other"": 0.57}, {""replicate"": 24, ""reference"": 0.53, ""other"": 0.605}, {""replicate"": 25, ""reference"": 0.555, ""other"": 0.59}, {""replicate"": 26, ""reference"": 0.595, ""other"": 0.625}, {""replicate"": 27, ""reference"": 0.55, ""other"": 0.55}, {""replicate"": 28, ""reference"": 0.56, ""other"": 0.56}, {""replicate"": 29, ""reference"": 0.53, ""other"": 0.54}, {""replicate"": 30, ""reference"": 0.535, ""other"": 0.525}]",0.03730657682717768,True,cgp,25,G
spiral3,test_accuracy,cgp - fixed_tanh_ha,cgp,fixed_tanh_ha,30,0.029500000000000005,0.019999999999999962,0.0050000000000000044,0.03249999999999997,0.004375083930196583,22,"[{""replicate"": 1, ""reference"": 0.48, ""other"": 0.515}, {""replicate"": 2, ""reference"": 0.635, ""other"": 0.54}, {""replicate"": 3, ""reference"": 0.63, ""other"": 0.53}, {""replicate"": 4, ""reference"": 0.56, ""other"": 0.535}, {""replicate"": 5, ""reference"": 0.53, ""other"": 0.53}, {""replicate"": 6, ""reference"": 0.545, ""other"": 0.585}, {""replicate"": 7, ""reference"": 0.58, ""other"": 0.525}, {""replicate"": 8, ""reference"": 0.535, ""other"": 0.525}, {""replicate"": 9, ""reference"": 0.605, ""other"": 0.51}, {""replicate"": 10, ""reference"": 0.54, ""other"": 0.525}, {""replicate"": 11, ""reference"": 0.52, ""other"": 0.52}, {""replicate"": 12, ""reference"": 0.51, ""other"": 0.545}, {""replicate"": 13, ""reference"": 0.535, ""other"": 0.515}, {""replicate"": 14, ""reference"": 0.58, ""other"": 0.545}, {""replicate"": 15, ""reference"": 0.55, ""other"": 0.525}, {""replicate"": 16, ""reference"": 0.55, ""other"": 0.57}, {""replicate"": 17, ""reference"": 0.675, ""other"": 0.55}, {""replicate"": 18, ""reference"": 0.55, ""other"": 0.545}, {""replicate"": 19, ""reference"": 0.555, ""other"": 0.485}, {""replicate"": 20, ""reference"": 0.565, ""other"": 0.545}, {""replicate"": 21, ""reference"": 0.53, ""other"": 0.54}, {""replicate"": 22, ""reference"": 0.59, ""other"": 0.525}, {""replicate"": 23, ""reference"": 0.535, ""other"": 0.565}, {""replicate"": 24, ""reference"": 0.53, ""other"": 0.5}, {""replicate"": 25, ""reference"": 0.555, ""other"": 0.48}, {""replicate"": 26, ""reference"": 0.595, ""other"": 0.59}, {""replicate"": 27, ""reference"": 0.55, ""other"": 0.52}, {""replicate"": 28, ""reference"": 0.56, ""other"": 0.42}, {""replicate"": 29, ""reference"": 0.53, ""other"": 0.525}, {""replicate"": 30, ""reference"": 0.535, ""other"": 0.525}]",0.05687609109255558,False,cgp,25,F
spiral3,test_accuracy,cgp - fixed_tanh_matched_cgp,cgp,fixed_tanh_matched_cgp,30,-0.013999999999999983,-0.015000000000000013,-0.03499999999999992,-0.0050000000000000044,0.0953992422757417,8,"[{""replicate"": 1, ""reference"": 0.48, ""other"": 0.585}, {""replicate"": 2, ""reference"": 0.635, ""other"": 0.575}, {""replicate"": 3, ""reference"": 0.63, ""other"": 0.555}, {""replicate"": 4, ""reference"": 0.56, ""other"": 0.54}, {""replicate"": 5, ""reference"": 0.53, ""other"": 0.585}, {""replicate"": 6, ""reference"": 0.545, ""other"": 0.58}, {""replicate"": 7, ""reference"": 0.58, ""other"": 0.595}, {""replicate"": 8, ""reference"": 0.535, ""other"": 0.55}, {""replicate"": 9, ""reference"": 0.605, ""other"": 0.585}, {""replicate"": 10, ""reference"": 0.54, ""other"": 0.56}, {""replicate"": 11, ""reference"": 0.52, ""other"": 0.58}, {""replicate"": 12, ""reference"": 0.51, ""other"": 0.56}, {""replicate"": 13, ""reference"": 0.535, ""other"": 0.54}, {""replicate"": 14, ""reference"": 0.58, ""other"": 0.54}, {""replicate"": 15, ""reference"": 0.55, ""other"": 0.625}, {""replicate"": 16, ""reference"": 0.55, ""other"": 0.565}, {""replicate"": 17, ""reference"": 0.675, ""other"": 0.625}, {""replicate"": 18, ""reference"": 0.55, ""other"": 0.61}, {""replicate"": 19, ""reference"": 0.555, ""other"": 0.59}, {""replicate"": 20, ""reference"": 0.565, ""other"": 0.58}, {""replicate"": 21, ""reference"": 0.53, ""other"": 0.575}, {""replicate"": 22, ""reference"": 0.59, ""other"": 0.55}, {""replicate"": 23, ""reference"": 0.535, ""other"": 0.55}, {""replicate"": 24, ""reference"": 0.53, ""other"": 0.53}, {""replicate"": 25, ""reference"": 0.555, ""other"": 0.56}, {""replicate"": 26, ""reference"": 0.595, ""other"": 0.555}, {""replicate"": 27, ""reference"": 0.55, ""other"": 0.595}, {""replicate"": 28, ""reference"": 0.56, ""other"": 0.575}, {""replicate"": 29, ""reference"": 0.53, ""other"": 0.595}, {""replicate"": 30, ""reference"": 0.535, ""other"": 0.55}]",0.8585931804816753,False,cgp,25,F
spiral3,test_accuracy,cgp - fixed_mixed_matched_cgp,cgp,fixed_mixed_matched_cgp,30,-0.19533333333333333,-0.20249999999999996,-0.21249999999999997,-0.1775,1.7245993818153558e-06,0,"[{""replicate"": 1, ""reference"": 0.48, ""other"": 0.805}, {""replicate"": 2, ""reference"": 0.635, ""other"": 0.77}, {""replicate"": 3, ""reference"": 0.63, ""other"": 0.725}, {""replicate"": 4, ""reference"": 0.56, ""other"": 0.76}, {""replicate"": 5, ""reference"": 0.53, ""other"": 0.79}, {""replicate"": 6, ""reference"": 0.545, ""other"": 0.76}, {""replicate"": 7, ""reference"": 0.58, ""other"": 0.74}, {""replicate"": 8, ""reference"": 0.535, ""other"": 0.78}, {""replicate"": 9, ""reference"": 0.605, ""other"": 0.75}, {""replicate"": 10, ""reference"": 0.54, ""other"": 0.745}, {""replicate"": 11, ""reference"": 0.52, ""other"": 0.77}, {""replicate"": 12, ""reference"": 0.51, ""other"": 0.71}, {""replicate"": 13, ""reference"": 0.535, ""other"": 0.72}, {""replicate"": 14, ""reference"": 0.58, ""other"": 0.735}, {""replicate"": 15, ""reference"": 0.55, ""other"": 0.795}, {""replicate"": 16, ""reference"": 0.55, ""other"": 0.755}, {""replicate"": 17, ""reference"": 0.675, ""other"": 0.785}, {""replicate"": 18, ""reference"": 0.55, ""other"": 0.765}, {""replicate"": 19, ""reference"": 0.555, ""other"": 0.78}, {""replicate"": 20, ""reference"": 0.565, ""other"": 0.795}, {""replicate"": 21, ""reference"": 0.53, ""other"": 0.735}, {""replicate"": 22, ""reference"": 0.59, ""other"": 0.76}, {""replicate"": 23, ""reference"": 0.535, ""other"": 0.745}, {""replicate"": 24, ""reference"": 0.53, ""other"": 0.7}, {""replicate"": 25, ""reference"": 0.555, ""other"": 0.75}, {""replicate"": 26, ""reference"": 0.595, ""other"": 0.72}, {""replicate"": 27, ""reference"": 0.55, ""other"": 0.745}, {""replicate"": 28, ""reference"": 0.56, ""other"": 0.77}, {""replicate"": 29, ""reference"": 0.53, ""other"": 0.785}, {""replicate"": 30, ""reference"": 0.535, ""other"": 0.655}]",4.279017481028635e-05,True,cgp,25,F
spiral3,test_accuracy,cgp - cgp_random_matched,cgp,cgp_random_matched,30,-0.04316666666666665,-0.04749999999999993,-0.0675,-0.03749999999999998,0.0006612995767243355,7,"[{""replicate"": 1, ""reference"": 0.48, ""other"": 0.645}, {""replicate"": 2, ""reference"": 0.635, ""other"": 0.57}, {""replicate"": 3, ""reference"": 0.63, ""other"": 0.58}, {""replicate"": 4, ""reference"": 0.56, ""other"": 0.64}, {""replicate"": 5, ""reference"": 0.53, ""other"": 0.625}, {""replicate"": 6, ""reference"": 0.545, ""other"": 0.61}, {""replicate"": 7, ""reference"": 0.58, ""other"": 0.56}, {""replicate"": 8, ""reference"": 0.535, ""other"": 0.63}, {""replicate"": 9, ""reference"": 0.605, ""other"": 0.59}, {""replicate"": 10, ""reference"": 0.54, ""other"": 0.585}, {""replicate"": 11, ""reference"": 0.52, ""other"": 0.595}, {""replicate"": 12, ""reference"": 0.51, ""other"": 0.65}, {""replicate"": 13, ""reference"": 0.535, ""other"": 0.575}, {""replicate"": 14, ""reference"": 0.58, ""other"": 0.615}, {""replicate"": 15, ""reference"": 0.55, ""other"": 0.59}, {""replicate"": 16, ""reference"": 0.55, ""other"": 0.595}, {""replicate"": 17, ""reference"": 0.675, ""other"": 0.615}, {""replicate"": 18, ""reference"": 0.55, ""other"": 0.635}, {""replicate"": 19, ""reference"": 0.555, ""other"": 0.615}, {""replicate"": 20, ""reference"": 0.565, ""other"": 0.635}, {""replicate"": 21, ""reference"": 0.53, ""other"": 0.58}, {""replicate"": 22, ""reference"": 0.59, ""other"": 0.555}, {""replicate"": 23, ""reference"": 0.535, ""other"": 0.57}, {""replicate"": 24, ""reference"": 0.53, ""other"": 0.605}, {""replicate"": 25, ""reference"": 0.555, ""other"": 0.615}, {""replicate"": 26, ""reference"": 0.595, ""other"": 0.565}, {""replicate"": 27, ""reference"": 0.55, ""other"": 0.66}, {""replicate"": 28, ""reference"": 0.56, ""other"": 0.56}, {""replicate"": 29, ""reference"": 0.53, ""other"": 0.59}, {""replicate"": 30, ""reference"": 0.535, ""other"": 0.58}]",0.010580793227589367,True,cgp,25,F
